replicate,pos,y_bin,y_um,median_intensity,median_corrected_intensity,corrected_intensity,bg_value,concentration,fitted_concentration
replicate_2,pos0,0,0.75,2964.7169811320755,1229.2703627069309,1343.7725366876311,1620.9444444444443,25.857124898769438,34.693798668465746
replicate_2,pos0,1,2.25,3039.088888888889,1303.6422704637444,1418.1444444444446,1620.9444444444443,27.268150443471697,31.446091556555
replicate_2,pos0,2,3.75,3010.966745283019,1275.5201268578742,1390.0223008385747,1620.9444444444443,26.727214514896712,28.497420010050245
replicate_2,pos0,3,5.25,2932.8964285714287,1197.449810146284,1311.9519841269844,1620.9444444444443,25.273081577232503,25.81974373461095
replicate_2,pos0,4,6.75,2846.166332916145,1110.7197144910006,1225.2218884717008,1620.9444444444443,23.62632982057239,23.387599456444896
replicate_2,pos0,5,8.25,2958.7323943661972,1223.2857759410526,1337.787949921753,1620.9444444444443,25.74636038371638,21.17785878014996
replicate_2,pos0,6,9.75,2823.054054054054,1087.6074356289096,1202.1096096096098,1620.9444444444443,23.151562745233452,19.169508250004714
replicate_2,pos0,7,11.25,2634.7456456456457,899.2990272205009,1013.8012012012014,1620.9444444444443,18.97803798000238,17.343449523207603
replicate_2,pos0,8,12.75,2559.8068885448915,824.3602701197469,938.8624441004472,1620.9444444444443,17.282386003802074,15.682317754819165
replicate_2,pos0,9,14.25,2520.606971153846,785.1603527287016,899.6625267094018,1620.9444444444443,16.410733757015844,14.170316467344536
replicate_2,pos0,10,15.75,2373.5348837209303,638.0882652957857,752.590439276486,1620.9444444444443,13.320027010745775,12.79306733465435
replicate_2,pos0,11,17.25,2286.0466666666666,550.600048241522,665.1022222222223,1620.9444444444443,11.788309505338155,11.537473451768903
replicate_2,pos0,12,18.75,2311.6700819672133,576.2234635420684,690.7256375227689,1620.9444444444443,12.158829274366258,10.391594790274379
replicate_2,pos0,13,20.25,2254.090909090909,518.6442906657644,633.1464646464647,1620.9444444444443,11.402698210166271,9.344534655018355
replicate_2,pos0,14,21.75,2183.4,447.9533815748555,562.4555555555557,1620.9444444444443,10.610176623389103,8.386336062348443
replicate_2,pos0,15,23.25,1991.7319587628865,256.2853403377419,370.78751431844216,1620.9444444444443,6.4681869040777595,7.50788705450623
replicate_2,pos0,16,24.75,1927.6442307692305,192.197612344086,306.69978632478615,1620.9444444444443,1.4843662942919942,6.700834049767007
replicate_2,pos0,17,26.25,1963.8666666666663,228.42004824152173,342.922222222222,1620.9444444444443,3.434322977289106,5.957502404331221
replicate_2,pos0,18,27.75,1920.3584905660375,184.9118721408929,299.4140461215932,1620.9444444444443,1.2820198813482087,5.270823430553622
replicate_2,pos0,19,29.25,1789.6109234234234,54.164304998278794,168.66647897897906,1620.9444444444443,0.78125,4.6342671774924
replicate_2,pos0,20,30.75,1746.9411764705883,11.494558045443682,125.99673202614395,1620.9444444444443,0.78125,4.041780334557127
replicate_2,pos0,21,32.25,1620.9444444444443,-114.50217398070026,0.0,1620.9444444444443,0.78125,3.4877286677523265
replicate_2,pos0,22,33.75,1715.40625,-20.040368425144607,94.46180555555566,1620.9444444444443,0.78125,2.9668434411160396
replicate_2,pos0,23,35.25,1712.0675675675675,-23.379050857577113,91.12312312312315,1620.9444444444443,0.78125,2.474171313849818
replicate_2,pos0,24,36.75,1676.722446236559,-58.724172188585385,55.778001792114765,1620.9444444444443,0.78125,2.005027236688575
replicate_2,pos0,25,38.25,1724.6363636363635,-10.810254788781094,103.69191919191917,1620.9444444444443,0.78125,1.5549498995798863
replicate_2,pos0,26,39.75,1676.6017722878623,-58.84484613728216,55.65732784341799,1620.9444444444443,0.78125,1.1196593070039034
replicate_2,pos0,27,41.25,1660.3239436619715,-75.12267476317311,39.379499217527155,1620.9444444444443,0.78125,0.6950160774978229
replicate_2,pos0,28,42.75,1703.6470588235295,-31.7995596016151,82.70261437908516,1620.9444444444443,0.78125,0.27698208034505517
replicate_2,pos0,29,44.25,1723.9169082125602,-11.529710212584405,102.97246376811586,1620.9444444444443,0.78125,-0.13841796489498104
replicate_2,pos0,30,45.75,1719.0166666666669,-16.429951758477728,98.07222222222254,1620.9444444444443,0.78125,-0.5551342911844531
replicate_2,pos0,31,47.25,1693.049180327869,-42.39743809727565,72.10473588342461,1620.9444444444443,0.78125,-0.9771296486165413
replicate_2,pos0,32,48.75,1710.7121212121212,-24.73449721302336,89.7676767676769,1620.9444444444443,0.78125,-1.4084169880561075
replicate_2,pos0,33,50.25,1723.983606557377,-11.463011867767593,103.03916211293267,1620.9444444444443,0.78125,-1.8530976221629405
replicate_2,pos0,34,51.75,1767.9655172413793,32.518898816234696,147.02107279693496,1620.9444444444443,0.78125,-2.315400226688559
replicate_2,pos1,0,0.75,2249.437426900585,513.9908084754402,937.5784525416104,1311.8589743589744,17.25361587426586,23.695034450884844
replicate_2,pos1,1,2.25,2337.714285714286,602.2676672891412,1025.8553113553114,1311.8589743589744,19.252375972410093,21.18006645313058
replicate_2,pos1,2,3.75,2314.7380952380954,579.2914768129508,1002.879120879121,1311.8589743589744,18.72958070143361,18.930470487163873
replicate_2,pos1,3,5.25,2186.1341064525723,450.68748802742743,874.2751320935979,1311.8589743589744,15.854895980881995,16.918060623846543
replicate_2,pos1,4,6.75,2219.310528756957,483.8639103318126,907.4515543979826,1311.8589743589744,16.582734729590726,15.117622716877413
replicate_2,pos1,5,8.25,2008.5642857142857,273.1176672891412,696.7053113553113,1311.8589743589744,12.256759840823168,13.506598486444817
replicate_2,pos1,6,9.75,2063.668709677419,328.2220912522746,751.8097353184446,1311.8589743589744,13.304572660028812,12.064802879105446
replicate_2,pos1,7,11.25,1986.4186046511627,250.9719862260181,674.5596302921883,1311.8589743589744,11.916863928421229,10.774171162598506
replicate_2,pos1,8,12.75,1992.336405529954,256.88978710480944,680.4774311709796,1311.8589743589744,12.001896891202199,9.618532586862518
replicate_2,pos1,9,14.25,1847.638227513228,112.19160908808306,535.7792531542536,1311.8589743589744,10.258820731202313,8.583407775379289
replicate_2,pos1,10,15.75,1944.6511627906975,209.20454436555292,632.7921884317232,1311.8589743589744,11.398714616367933,7.655827308294321
replicate_2,pos1,11,17.25,1749.6923076923076,14.245689267163016,437.83333333333326,1311.8589743589744,8.364609847012103,6.824169224281779
replicate_2,pos1,12,18.75,1737.7330224772836,2.286404052139005,425.87404811830925,1311.8589743589744,8.057921647889518,6.0780134051614265
replicate_2,pos1,13,20.25,1681.8915307971015,-53.55508762804311,370.03255643812713,1311.8589743589744,6.444838875684911,5.408011018804324
replicate_2,pos1,14,21.75,1643.542862021858,-91.9037564032866,331.68388766288354,1311.8589743589744,2.589285660419094,4.805767384534489
replicate_2,pos1,15,23.25,1586.2152981427173,-149.2313202824273,274.35632378374294,1311.8589743589744,0.8350963295283629,4.263736793408521
replicate_2,pos1,16,24.75,1503.9846153846156,-231.4620030405291,192.12564102564124,1311.8589743589744,0.78125,3.7751279655417918
replicate_2,pos1,17,26.25,1548.4722222222222,-186.97439620292243,236.6132478632478,1311.8589743589744,0.78125,3.333818959924948
replicate_2,pos1,18,27.75,1533.2444444444443,-202.2021739807003,221.38547008546993,1311.8589743589744,0.78125,2.9342804706077055
replicate_2,pos1,19,29.25,1454.6507936507935,-280.7958247743511,142.79181929181914,1311.8589743589744,0.78125,2.5715065482026036
replicate_2,pos1,20,30.75,1448.179577464789,-287.26704096035576,136.3206031058146,1311.8589743589744,0.78125,2.24095187869558
replicate_2,pos1,21,32.25,1466.753846153846,-268.6927722712985,154.89487179487173,1311.8589743589744,0.78125,1.9384748337089301
replicate_2,pos1,22,33.75,1456.1201809598742,-279.3264374652705,144.26120660089987,1311.8589743589744,0.78125,1.6602855786746267
replicate_2,pos1,23,35.25,1428.5689655172414,-306.8776529079032,116.70999115826703,1311.8589743589744,0.78125,1.4028985887481988
replicate_2,pos1,24,36.75,1404.9701492537313,-330.4764691714133,93.11117489475691,1311.8589743589744,0.78125,1.1630889775194178
replicate_2,pos1,25,38.25,1368.8333333333333,-366.61328509181135,56.97435897435889,1311.8589743589744,0.78125,0.937852091347805
replicate_2,pos1,26,39.75,1328.5,-406.9466184251446,16.641025641025635,1311.8589743589744,0.78125,0.7243658630670882
replicate_2,pos1,27,41.25,1311.8589743589744,-423.58764406617024,0.0,1311.8589743589744,0.78125,0.5199554533757522
replicate_2,pos1,28,42.75,1369.444099378882,-366.0025190462626,57.58512501990754,1311.8589743589744,0.78125,0.3220597368940284
replicate_2,pos1,29,44.25,1469.2054507337523,-266.241167691392,157.34647637477792,1311.8589743589744,0.78125,0.1281992129800739
replicate_2,pos1,30,45.75,1391.9213483146068,-343.5252701105378,80.06237395563244,1311.8589743589744,0.78125,-0.06405506075060707
replicate_2,pos1,31,47.25,1384.0629229925005,-351.3836954326441,72.20394863352612,1311.8589743589744,0.78125,-0.2571119014446769
replicate_2,pos1,32,48.75,1348.0550817341862,-387.3915366909585,36.196107375211795,1311.8589743589744,0.78125,-0.45339018187474195
replicate_2,pos1,33,50.25,1293.2291666666667,-442.21745175847786,-18.629807692307622,1311.8589743589744,0.78125,-0.6553491372933806
replicate_2,pos1,34,51.75,1530.8,-204.64661842514465,218.9410256410256,1311.8589743589744,0.78125,-0.8655191780019834
replicate_2,pos1,35,53.25,1364.1789071680375,-371.26771125710707,52.319932809063175,1311.8589743589744,0.78125,-1.0865335936952325
replicate_2,pos2,0,0.75,2979.0227272727275,1243.5761088475829,1281.3648325358854,1697.657894736842,24.717389368740484,30.755357228462273
replicate_2,pos2,1,2.25,3119.146779661017,1383.7001612358724,1421.4888849241747,1697.657894736842,27.33306250500684,27.84154411717694
replicate_2,pos2,2,3.75,3011.523076923077,1276.0764584979324,1313.865182186235,1697.657894736842,25.307853740373886,25.199580505267043
replicate_2,pos2,3,5.25,2803.5319991438355,1068.0853807186909,1105.8741044069934,1697.657894736842,21.063075457675737,22.803669817577028
replicate_2,pos2,4,6.75,2774.858401084011,1039.4117826588663,1077.2005063471688,1697.657894736842,20.418106516360027,20.630417980909833
replicate_2,pos2,5,8.25,2703.1702127659573,967.7235943408128,1005.5123180291152,1697.657894736842,18.789463315465362,18.65860500037836
replicate_2,pos2,6,9.75,2637.4202898550725,901.973671429928,939.7623951182304,1697.657894736842,17.302558823019105,16.868977763821757
replicate_2,pos2,7,11.25,2626.6341463414633,891.1875279163187,928.9762516046212,1697.657894736842,17.061218365963448,15.244062051193946
replicate_2,pos2,8,12.75,2466.723925299507,731.277306874362,769.0660305626648,1697.657894736842,13.648782175780674,13.76799191335264
replicate_2,pos2,9,14.25,2447.5714285714284,712.1248101462838,749.9135338345864,1697.657894736842,13.267083816659234,12.426354754274934
replicate_2,pos2,10,15.75,2416.1369863013697,680.6903678762251,718.4790915645276,1697.657894736842,12.655547396030125,11.206050604056006
replicate_2,pos2,11,17.25,2253.421875,517.9752565748554,555.7639802631579,1697.657894736842,10.526726746734942,10.09516420860913
replicate_2,pos2,12,18.75,2241.1666666666665,505.7200482415219,543.5087719298244,1697.657894736842,10.366056938340762,9.08284868712934
replicate_2,pos2,13,20.25,2162.7261904761904,427.27957205104576,465.0682957393483,1697.657894736842,9.001573438917717,8.159219621332726
replicate_2,pos2,14,21.75,2108.4222222222224,372.97560379707784,410.76432748538036,1697.657894736842,7.648593328902057,7.315258542340952
replicate_2,pos2,15,23.25,2183.7668103448277,448.3201919196831,486.10891560798564,1697.657894736842,9.433513013095164,6.542724872840824
replicate_2,pos2,16,24.75,2218.4748062015506,483.0281877764059,520.8169114647085,1697.657894736842,10.036471175391737,5.834075464707357
replicate_2,pos2,17,26.25,2002.6352699530516,267.18865152790715,304.97737521620957,1697.657894736842,1.4327346552362719,5.1823909464422195
replicate_2,pos2,18,27.75,1974.3506535947713,238.90403516962655,276.6927588579292,1697.657894736842,0.8642378366938653,4.581308161271657
replicate_2,pos2,19,29.25,1933.3151455835575,197.86852715841303,235.65725084671544,1697.657894736842,0.78125,4.024958036218105
replicate_2,pos2,20,30.75,1904.754716981132,169.3080985559875,207.09682224429002,1697.657894736842,0.78125,3.5079082754887425
replicate_2,pos2,21,32.25,1809.0688405797105,73.62222215456563,111.41094584286839,1697.657894736842,0.78125,3.0251103186296353
replicate_2,pos2,22,33.75,1812.2747419550697,76.82812352992516,114.61684721822758,1697.657894736842,0.78125,2.5718500455359776
replicate_2,pos2,23,35.25,1805.0232558139537,69.5766373888091,107.36536107711163,1697.657894736842,0.78125,2.1437017469939157
replicate_2,pos2,24,36.75,1822.9019607843136,87.45534235916898,125.2440660474715,1697.657894736842,0.78125,1.7364849113146144
replicate_2,pos2,25,38.25,1796.535885167464,61.08926674231952,98.87799043062182,1697.657894736842,0.78125,1.346223405118014
replicate_2,pos2,26,39.75,1735.4093652826048,-0.0372531425398392,37.751470545762686,1697.657894736842,0.78125,0.96910664970063
replicate_2,pos2,27,41.25,1737.952380952381,2.5057625272363566,40.29448621553888,1697.657894736842,0.78125,0.601452413906933
replicate_2,pos2,28,42.75,1697.657894736842,-37.788723688302525,0.0,1697.657894736842,0.78125,0.23967086020768524
replicate_2,pos2,29,44.25,1662.032258064516,-73.4143603606285,-35.62563667232598,1697.657894736842,0.78125,-0.1197705070748853
replicate_2,pos2,30,45.75,1741.764705882353,6.318087457208321,44.10681114551085,1697.657894736842,0.78125,-0.48038133364646707
replicate_2,pos2,31,47.25,1741.9310344827586,6.484416057613998,44.273139745916524,1697.657894736842,0.78125,-0.845682684009096
replicate_2,pos2,32,48.75,1666.2777777777778,-69.16884064736678,-31.380116959064253,1697.657894736842,0.78125,-1.2192414217246241
replicate_2,pos2,33,50.25,1650.5685194672133,-84.87809895793146,-47.08937526962882,1697.657894736842,0.78125,-1.6047050368678792
replicate_2,pos2,34,51.75,1685.33988163735,-50.1067367877946,-12.318013099492191,1697.657894736842,0.78125,-2.0058372607306008
replicate_2,pos3,0,0.75,3285.733333333333,1550.2867149081883,1538.8124293785306,1746.9209039548025,29.6831860590825,39.911664814033465
replicate_2,pos3,1,2.25,3422.5967741935483,1687.1501557684037,1675.6758702387458,1746.9209039548025,32.576354897660465,36.38520209535247
replicate_2,pos3,2,3.75,3307.7241379310344,1572.2775195058898,1560.803233976232,1746.9209039548025,30.13824858589857,33.16317372610325
replicate_2,pos3,3,5.25,3343.8125,1608.3658815748554,1596.8915960451975,1746.9209039548025,30.89380761215957,30.21862105128444
replicate_2,pos3,4,6.75,3250.097536945813,1514.6509185206685,1503.1766329910104,1746.9209039548025,28.955017995716616,27.526907050176035
replicate_2,pos3,5,8.25,3028.385807990459,1292.9391895653143,1281.4649040356564,1746.9209039548025,24.719244179823956,25.065510198817897
replicate_2,pos3,6,9.75,3112.9827586206898,1377.5361401955452,1366.0618546658873,1746.9209039548025,26.273363441549034,22.813836032812855
replicate_2,pos3,7,11.25,3079.907187323147,1344.460568898002,1332.9862833683444,1746.9209039548025,25.65779674707415,20.753044833803347
replicate_2,pos3,8,12.75,2988.935483870968,1253.4888654458232,1242.0145799161653,1746.9209039548025,23.96257176311992,18.865893997877443
replicate_2,pos3,9,14.25,2686.2631578947367,950.816539469592,939.3422539399342,1746.9209039548025,17.293140368051386,17.136593767003596
replicate_2,pos3,10,15.75,2609.438596491228,873.9919780660834,862.5176925364256,1746.9209039548025,15.600174299528524,15.55067511640138
replicate_2,pos3,11,17.25,2557.722222222222,822.2756037970776,810.8013182674197,1746.9209039548025,14.503000453983299,14.09486869246428
replicate_2,pos3,12,18.75,2516.2380952380954,780.7914768129508,769.3171912832929,1746.9209039548025,13.653832047028091,12.756993788310185
replicate_2,pos3,13,20.25,2509.56,774.1133815748553,762.6390960451974,1746.9209039548025,13.51994893636126,11.525856428019987
replicate_2,pos3,14,21.75,2354.3661971830984,618.9195787579538,607.4452932282959,1746.9209039548025,11.12074681866972,10.391155706836889
replicate_2,pos3,15,23.25,2337.99659090909,602.5499724839462,591.0756869542877,1746.9209039548025,10.941819335470237,9.343397603676495
replicate_2,pos3,16,24.75,2195.6355072463766,460.18888882123224,448.7146032915741,1746.9209039548025,8.629552858973154,8.373815544818491
replicate_2,pos3,17,26.25,2086.2915646258502,350.84494620070564,339.37066067104774,1746.9209039548025,3.11038464593336,7.474297054137677
replicate_2,pos3,18,27.75,2070.6615384615384,335.2149200363938,323.7406345067359,1746.9209039548025,2.153195607385054,6.637315876158141
replicate_2,pos3,19,29.25,2008.5855442176871,273.1389257925424,261.66464026288463,1746.9209039548025,0.78125,5.8558690040053545
replicate_2,pos3,20,30.75,2009.6491228070176,274.20250438187304,262.72821885221515,1746.9209039548025,0.78125,5.12341808537016
replicate_2,pos3,21,32.25,1850.3023255813953,114.85570715625067,103.38142162659278,1746.9209039548025,0.78125,4.433834716229376
replicate_2,pos3,22,33.75,1862.1935483870968,126.74692996195222,115.27264443229433,1746.9209039548025,0.78125,3.781349164596544
replicate_2,pos3,23,35.25,1780.016693163752,44.570074738607445,33.095789208949554,1746.9209039548025,0.78125,3.1605020952753264
replicate_2,pos3,24,36.75,1833.2696428571428,97.8230244319982,86.3487389023403,1746.9209039548025,0.78125,2.5660988916974254
replicate_2,pos3,25,38.25,1814.9063492063492,79.4597307812046,67.98544525154671,1746.9209039548025,0.78125,1.9931661926566224
replicate_2,pos3,26,39.75,1766.8507462686566,31.404127843512015,19.929842313854124,1746.9209039548025,0.78125,1.436910280282571
replicate_2,pos3,27,41.25,1835.1786273194723,99.73200889432792,88.2577233646698,1746.9209039548025,0.78125,0.8926769710872315
replicate_2,pos3,28,42.75,1746.9209039548025,11.474285529657664,0.0,1746.9209039548025,0.78125,0.3559126744930446
replicate_2,pos3,29,44.25,1773.658316008316,38.211697583171485,26.73741205351348,1746.9209039548025,0.78125,-0.1778737069797735
replicate_2,pos3,30,45.75,1801.40350877193,65.95689034678549,54.482604817127594,1746.9209039548025,0.78125,-0.7131483546472795
replicate_2,pos3,31,47.25,1877.4135723431496,141.96695391800515,130.49266838834706,1746.9209039548025,0.78125,-1.254389902122747
replicate_2,pos3,32,48.75,1823.0105263157895,87.56390789064494,76.08962236098705,1746.9209039548025,0.78125,-1.8061269079657603
replicate_2,pos3,33,50.25,1776.679487179487,41.23286875434246,29.75858322468457,1746.9209039548025,0.78125,-2.372975746052466
replicate_2,pos3,34,51.75,1902.8141114982575,167.36749307311322,155.893207543455,1746.9209039548025,0.78125,-2.9596792306950337
replicate_2,pos4,0,0.75,3113.0553174117167,1377.608698986572,1422.3467272730418,1690.708590138675,27.349731964661547,35.050339013854575
replicate_2,pos4,1,2.25,3130.965909090909,1395.5192906657644,1440.257318952234,1690.708590138675,27.699582518745267,31.072318950272994
replicate_2,pos4,2,3.75,3121.1145662847794,1385.6679478596343,1430.4059761461044,1690.708590138675,27.506727650966493,27.543708428812234
replicate_2,pos4,3,5.25,2942.540864356012,1207.0942459308674,1251.8322742173373,1690.708590138675,24.15543330841488,24.413471952530173
replicate_2,pos4,4,6.75,2834.24657814096,1098.7999597158157,1143.5379880022851,1690.708590138675,21.897677572696207,21.63633584411334
replicate_2,pos4,5,8.25,2752.599903241413,1017.153284816268,1061.891313102738,1690.708590138675,20.071503349100723,19.17213343724729
replicate_2,pos4,6,9.75,2751.3205128205127,1015.873894395368,1060.6119226818378,1690.708590138675,20.042486119821437,16.985224132428183
replicate_2,pos4,7,11.25,2687.1315789473683,951.6849605222236,996.4229888086934,1690.708590138675,18.582824119754015,15.04397791482154
replicate_2,pos4,8,12.75,2491.8371266002846,756.39050817514,801.1285364616097,1690.708590138675,14.30238973255968,13.32031787857446
replicate_2,pos4,9,14.25,2488.9375,753.4908815748554,798.2289098613251,1690.708590138675,14.242554034434933,11.789314140954282
replicate_2,pos4,10,15.75,2223.1477272727275,487.7011088475829,532.4391371340525,1690.708590138675,10.210934534411342,10.428823272955587
replicate_2,pos4,11,17.25,2214.5344827586205,479.0878643334761,523.8258926199455,1690.708590138675,10.082849744934418,9.21916803133737
replicate_2,pos4,12,18.75,2107.054054054054,371.6074356289096,416.34546391537924,1690.708590138675,7.802505434983199,8.142852759945672
replicate_2,pos4,13,20.25,2188.5476190476193,453.10100062247466,497.83902890894433,1690.708590138675,9.651969335356398,7.184310344074067
replicate_2,pos4,14,21.75,2101.8478260869565,366.4012076618119,411.13923594828157,1690.708590138675,7.659028354575503,6.329677057976506
replicate_2,pos4,15,23.25,2012.764705882353,277.3180874572083,322.056115743678,1690.708590138675,2.072239743761116,5.566592049075456
replicate_2,pos4,16,24.75,1938.2,202.75338157485544,247.4914098613251,1690.708590138675,0.78125,4.8840185587370275
replicate_2,pos4,17,26.25,1837.4897959183672,102.04317749322264,146.7812057796923,1690.708590138675,0.78125,4.2720842938681995
replicate_2,pos4,18,27.75,1848.1831578947367,112.73653946959212,157.4745677560618,1690.708590138675,0.78125,3.7219386405761763
replicate_2,pos4,19,29.25,1781.1626506024097,45.71603217726499,90.45406046373478,1690.708590138675,0.78125,3.2256246547223038
replicate_2,pos4,20,30.75,1755.576227390181,20.129608965036255,64.86763725150604,1690.708590138675,0.78125,2.7759639779263225
replicate_2,pos4,21,32.25,1739.1851851851852,3.738566760040612,48.47659504651028,1690.708590138675,0.78125,2.366453014521876
replicate_2,pos4,22,33.75,1699.420218579235,-36.02639984590962,8.711628440560162,1690.708590138675,0.78125,1.9911688678351902
replicate_2,pos4,23,35.25,1717.3076923076922,-18.138926117452456,26.599102169017215,1690.708590138675,0.78125,1.6446836753112495
replicate_2,pos4,24,36.75,1705.9847560975609,-29.461862327583617,15.27616595888594,1690.708590138675,0.78125,1.3219861034872034
replicate_2,pos4,25,38.25,1712.925,-22.521618425144652,22.21640986132502,1690.708590138675,0.78125,1.018408867368037
replicate_2,pos4,26,39.75,1714.4458262671942,-21.0007921579504,23.73723612851927,1690.708590138675,0.78125,0.7295612258925194
replicate_2,pos4,27,41.25,1699.143101092896,-36.303517332248475,8.434510954220968,1690.708590138675,0.78125,0.4512654771483485
replicate_2,pos4,28,42.75,1690.708590138675,-44.738028286469785,0.0,1690.708590138675,0.78125,0.179496534845137
replicate_2,pos4,29,44.25,1626.571428571429,-108.87518985371572,-64.13716156724604,1690.708590138675,0.78125,-0.08967628788083505
replicate_2,pos4,30,45.75,1645.15625,-90.2903684251446,-45.552340138674936,1690.708590138675,0.78125,-0.3601461293307755
replicate_2,pos4,31,47.25,1713.6363636363635,-21.810254788781094,22.927773497688577,1690.708590138675,0.78125,-0.6358248870298754
replicate_2,pos4,32,48.75,1679.834249084249,-55.61236934089561,-10.87434105442594,1690.708590138675,0.78125,-0.9206997968348555
replicate_2,pos4,33,50.25,1681.01,-54.436618425144616,-9.698590138674945,1690.708590138675,0.78125,-1.2188911016854866
replicate_2,pos4,34,51.75,1755.370026525199,19.923408100054303,64.66143638652397,1690.708590138675,0.78125,-1.5347116440828972
replicate_2,pos5,0,0.75,2687.889967637541,952.4433492123962,1131.2318718397155,1556.6580957978254,21.626919283496086,31.42806574864497
replicate_2,pos5,1,2.25,2827.6923076923076,1092.245689267163,1271.0342118944823,1556.6580957978254,24.524065560664773,29.146947953285476
replicate_2,pos5,2,3.75,2931.342857142857,1195.8962387177123,1374.6847613450318,1556.6580957978254,26.435938886943458,27.02242167534868
replicate_2,pos5,3,5.25,2963.942528735632,1228.4959103104875,1407.2844329378067,1556.6580957978254,27.058214905884668,25.043072930969085
replicate_2,pos5,4,6.75,2785.951219512195,1050.5046010870506,1229.2931237143698,1556.6580957978254,23.708556713434756,23.198267700286785
replicate_2,pos5,5,8.25,2722.7916666666665,987.345048241522,1166.1335708688412,1556.6580957978254,22.388869707037028,21.478094796343722
replicate_2,pos5,6,9.75,2637.962962962963,902.5163445378184,1081.3048671651377,1556.6580957978254,20.510803854956134,19.873312617388333
replicate_2,pos5,7,11.25,2616.562937062937,881.1163186377926,1059.9048412651118,1556.6580957978254,20.026446212318806,18.375299496516135
replicate_2,pos5,8,12.75,2569.1449530516434,833.6983346264988,1012.486857253818,1556.6580957978254,18.948130272993257,16.976007381900484
replicate_2,pos5,9,14.25,2446.9188006828854,711.4721822577405,890.26070488506,1556.6580957978254,16.20400540797835,15.667918598761283
replicate_2,pos5,10,15.75,2363.937519872814,628.4909014476693,807.2794240749886,1556.6580957978254,14.429779589098974,14.444005460775989
replicate_2,pos5,11,17.25,2330.5735744355147,595.1269560103701,773.9154786376894,1556.6580957978254,13.746485624615962,13.297692513945846
replicate_2,pos5,12,18.75,2409.1891771019677,673.7425586768231,852.5310813041424,1556.6580957978254,15.385267638860162,12.222821210073189
replicate_2,pos5,13,20.25,2261.5959513435005,526.1493329183559,704.9378555456751,1556.6580957978254,12.40022878530104,11.213616820058512
replicate_2,pos5,14,21.75,2209.813655761024,474.3670373358795,653.1555599631988,1556.6580957978254,11.636766431308331,10.264657409259627
replicate_2,pos5,15,23.25,2168.67963314358,433.2330147184354,612.0215373457545,1556.6580957978254,11.170389307117732,9.370844708233447
replicate_2,pos5,16,24.75,2022.3728864734296,286.92626804828535,465.71479067560426,1556.6580957978254,9.015626649215045,8.527376722363936
replicate_2,pos5,17,26.25,2023.6612903225807,288.2146718974361,467.0031945247554,1556.6580957978254,9.04348483987075,7.729721933221917
replicate_2,pos5,18,27.75,1955.0526315789473,219.60601315380268,398.39453578112193,1556.6580957978254,7.2969412740146735,6.973594953053877
replicate_2,pos5,19,29.25,1830.1060606060605,94.65944218091602,273.44796480823516,1556.6580957978254,0.8243219943376286,6.254933501603975
replicate_2,pos5,20,30.75,1783.3243243243244,47.87770589917977,226.66622852649903,1556.6580957978254,0.78125,5.569876581577528
replicate_2,pos5,21,32.25,1741.5873015873017,6.1406831621570745,184.92920578947633,1556.6580957978254,0.78125,4.914743735494064
replicate_2,pos5,22,33.75,1666.322033898305,-69.1245845268395,109.66393810047975,1556.6580957978254,0.78125,4.286015272487622
replicate_2,pos5,23,35.25,1712.3472222222222,-23.099396202922435,155.68912642439682,1556.6580957978254,0.78125,3.680313358823199
replicate_2,pos5,24,36.75,1717.8846153846157,-17.562003040528907,161.22651958679035,1556.6580957978254,0.78125,3.0943838705383646
replicate_2,pos5,25,38.25,1674.0172413793102,-61.42937704583437,117.35914558148488,1556.6580957978254,0.78125,2.5250789107136775
replicate_2,pos5,26,39.75,1699.179487179487,-36.26713124565754,142.52139138166172,1556.6580957978254,0.78125,1.9693398974462224
replicate_2,pos5,27,41.25,1556.6580957978254,-178.78852262731925,0.0,1556.6580957978254,0.78125,1.4241811316666473
replicate_2,pos5,28,42.75,1586.025641025641,-149.4209773995035,29.367545227815754,1556.6580957978254,0.78125,0.8866737565180861
replicate_2,pos5,29,44.25,1718.625822368421,-16.820796056723566,161.9677265705957,1556.6580957978254,0.78125,0.35393002211896357
replicate_2,pos5,30,45.75,1622.9605263157894,-112.48609210935524,66.30243051796401,1556.6580957978254,0.78125,-0.17691222882762478
replicate_2,pos5,31,47.25,1642.0,-93.4466184251446,85.34190420217465,1556.6580957978254,0.78125,-0.7087049379287734
replicate_2,pos5,32,48.75,1706.8731343283582,-28.573484096786387,150.21503853053287,1556.6580957978254,0.78125,-1.2443051531129972
replicate_2,pos5,33,50.25,1649.3076923076924,-86.13892611745223,92.64959650986702,1556.6580957978254,0.78125,-1.7865903780750922
replicate_2,pos5,34,51.75,1692.4225352112676,-43.02408321387702,135.76443941344223,1556.6580957978254,0.78125,-2.3384740316192785
replicate_2,pos5,35,53.25,1641.6369047619046,-93.8097136632399,84.97880896407924,1556.6580957978254,0.78125,-2.9029210999556994
replicate_2,pos6,0,0.75,3006.25,1270.8033815748554,1341.794662309368,1664.455337690632,25.820470943552756,33.97627811738263
replicate_2,pos6,1,2.25,3117.162393162393,1381.7157747372485,1452.7070554717611,1664.455337690632,27.944777720755862,30.996818219693548
replicate_2,pos6,2,3.75,3020.47380952381,1285.027191098665,1356.018471833178,1664.455337690632,26.0850913070699,28.27346097496859
replicate_2,pos6,3,5.25,2929.04,1193.5933815748554,1264.584662309368,1664.455337690632,24.40156212118916,25.783705395835465
replicate_2,pos6,4,6.75,2942.0606854838707,1206.6140670587265,1277.6053477932387,1664.455337690632,24.647456680527984,23.506980564191238
replicate_2,pos6,5,8.25,2930.409107402032,1194.9624889768877,1265.9537697114001,1664.455337690632,24.42768061333448,21.424475669670784
replicate_2,pos6,6,9.75,2830.4052631578948,1094.95864473275,1165.9499254672628,1664.455337690632,22.384911891971054,19.518984590519363
replicate_2,pos6,7,11.25,2661.6158602150535,926.1692417899092,997.1605225244216,1664.455337690632,18.599584000971063,17.774763732761876
replicate_2,pos6,8,12.75,2600.899428274428,865.4528098492835,936.444090583796,1664.455337690632,17.22820948297702,16.17740195310419
replicate_2,pos6,9,14.25,2585.7045454545455,850.2579270294009,921.2492077639135,1664.455337690632,16.888943997792744,14.713701490840196
replicate_2,pos6,10,15.75,2528.970779220779,793.5241607956348,864.5154415301472,1664.455337690632,15.643327131139005,13.371568924997657
replicate_2,pos6,11,17.25,2370.698113207547,635.2514947824025,706.2427755169151,1664.455337690632,12.423957278094692,12.139915255786162
replicate_2,pos6,12,18.75,2500.4675324675327,765.0209140423881,836.0121947769007,1664.455337690632,15.032880564433972,11.008564284797778
replicate_2,pos6,13,20.25,2315.327215189873,579.8805967647286,650.8718774992412,1664.455337690632,11.60895784785333,9.96816853697716
replicate_2,pos6,14,21.75,2290.4646317829456,555.0180133578012,626.0092940923137,1664.455337690632,11.323188475544773,9.01013202968954
replicate_2,pos6,15,23.25,2169.1078260869563,433.6612076618119,504.6524883963243,1664.455337690632,9.771801671461425,8.12653925078739
replicate_2,pos6,16,24.75,2027.4541666666664,292.00754824152193,362.9988289760345,1664.455337690632,6.21831087174543,7.310089758876596
replicate_2,pos6,17,26.25,1956.861111111111,221.41449268596648,292.40577342047914,1664.455337690632,1.1229483649507221,6.554037865434952
replicate_2,pos6,18,27.75,1966.12987012987,230.6832517047253,301.67453243923796,1664.455337690632,1.3404312998338654,5.852136900423079
replicate_2,pos6,19,29.25,1883.615626511853,148.16900808670846,219.160288821221,1664.455337690632,0.78125,5.198587600897805
replicate_2,pos6,20,30.75,1846.7020933977456,111.25547497260106,182.2467557071136,1664.455337690632,0.78125,4.587990196203163
replicate_2,pos6,21,32.25,1789.4886363636365,54.04201793849188,125.03329867300454,1664.455337690632,0.78125,4.015299793856086
replicate_2,pos6,22,33.75,1741.1857142857143,5.739095860569705,76.73037659508236,1664.455337690632,0.78125,3.4757846975150812
replicate_2,pos6,23,35.25,1835.356542617047,99.90992419190228,170.90120492641495,1664.455337690632,0.78125,2.9649873126455133
replicate_2,pos6,24,36.75,1799.358378870674,63.91176044552935,134.903041180042,1664.455337690632,0.78125,2.478687316875419
replicate_2,pos6,25,38.25,1771.870053475936,36.42343505079123,107.414715785304,1664.455337690632,0.78125,2.012866790747052
replicate_2,pos6,26,39.75,1753.340909090909,17.8942906657644,88.88557140027706,1664.455337690632,0.78125,1.563677020766624
replicate_2,pos6,27,41.25,1702.090909090909,-33.3557093342356,37.63557140027706,1664.455337690632,0.78125,1.1274067004716144
replicate_2,pos6,28,42.75,1664.455337690632,-70.99128073451277,0.0,1664.455337690632,0.78125,0.7004512667857362
replicate_2,pos6,29,44.25,1710.4375,-25.009118425144607,45.98216230936805,1664.455337690632,0.78125,0.27928311831166575
replicate_2,pos6,30,45.75,1706.809523809524,-28.637094615620526,42.35418611889213,1664.455337690632,0.78125,-0.1395775305016084
replicate_2,pos6,31,47.25,1667.6301907968575,-67.8164276282871,3.174853106225555,1664.455337690632,0.78125,-0.5595914001262021
replicate_2,pos6,32,48.75,1721.557142857143,-13.889475568001671,57.101805166510985,1664.455337690632,0.78125,-0.9842287392028052
replicate_2,pos6,33,50.25,1638.638888888889,-96.80772953625568,-25.816448801743036,1664.455337690632,0.78125,-1.41699799651201
replicate_2,pos6,34,51.75,1639.5234375,-95.9231809251446,-24.93190019063195,1664.455337690632,0.78125,-1.8614748085637538
replicate_2,pos6,35,53.25,1808.8,73.35338157485535,144.344662309368,1664.455337690632,0.78125,-2.3213315423068215
replicate_2,pos7,0,0.75,2738.4313725490197,1002.9847541238752,1058.750816993464,1679.6805555555557,20.000263190298046,30.736397449180227
replicate_2,pos7,1,2.25,2929.275,1193.8283815748557,1249.5944444444444,1679.6805555555557,24.111724617172904,27.914239618054868
replicate_2,pos7,2,3.75,3025.4586890243904,1290.0120705992458,1345.7781334688348,1679.6805555555557,25.894339748139906,25.346442340544947
replicate_2,pos7,3,5.25,2904.04705882353,1168.600440398385,1224.3665032679742,1679.6805555555557,23.60899781127875,23.009607295721203
replicate_2,pos7,4,6.75,2786.0155332681015,1050.5689148429572,1106.3349777125459,1679.6805555555557,21.07338508458003,20.8824407401809
replicate_2,pos7,5,8.25,2649.25,913.8033815748554,969.5694444444443,1679.6805555555557,17.973920701503953,18.945559474879296
replicate_2,pos7,6,9.75,2794.0,1058.5533815748554,1114.3194444444443,1679.6805555555557,21.2516567738123,17.1813142212521
replicate_2,pos7,7,11.25,2587.85,852.4033815748553,908.1694444444443,1679.6805555555557,16.598619726675217,15.573628797194173
replicate_2,pos7,8,12.75,2508.100378787879,772.6537603627341,828.4198232323233,1679.6805555555557,14.872268200565582,14.107853627431457
replicate_2,pos7,9,14.25,2461.0169491525426,725.570330727398,781.3363935969869,1679.6805555555557,13.896806080706295,12.770632253441063
replicate_2,pos7,10,15.75,2389.123287671233,653.6766692460883,709.4427321156772,1679.6805555555557,12.483355782271422,11.549779626529258
replicate_2,pos7,11,17.25,2278.1174603174604,542.6708418923156,598.4369047619048,1679.6805555555557,11.022743904989555,10.434171075047692
replicate_2,pos7,12,18.75,2308.68,573.2333815748552,628.9994444444442,1679.6805555555557,11.356320896058758,9.41364093399328
replicate_2,pos7,13,20.25,2228.146753246753,492.7001348216088,548.4661976911975,1679.6805555555557,10.432357864437625,8.478889913282837
replicate_2,pos7,14,21.75,2178.0285714285715,442.58195300342686,498.3480158730158,1679.6805555555557,9.661097479283493,7.621400360622271
replicate_2,pos7,15,23.25,2049.9764204545454,314.5298020294008,370.29586489898975,1679.6805555555557,6.4529853863130215,6.833358646827393
replicate_2,pos7,16,24.75,2062.2166666666667,326.7700482415221,382.53611111111104,1679.6805555555557,6.8273144089372515,6.107583966354665
replicate_2,pos7,17,26.25,1975.5247727272729,240.07815430212815,295.8442171717172,1679.6805555555557,1.1970427445332128,5.437462904257051
replicate_2,pos7,18,27.75,1870.046551724138,134.5999332989934,190.36599616858234,1679.6805555555557,0.78125,4.816889173324986
replicate_2,pos7,19,29.25,1914.732142857143,179.28552443199828,235.05158730158723,1679.6805555555557,0.78125,4.240207972284322
replicate_2,pos7,20,30.75,1828.9597402597403,93.51312183459572,149.27918470418467,1679.6805555555557,0.78125,3.7021644580312008
replicate_2,pos7,21,32.25,1727.918918918919,-7.527699506225645,48.238363363363305,1679.6805555555557,0.78125,3.1978558623717834
replicate_2,pos7,22,33.75,1720.9142857142858,-14.532332710858782,41.23373015873017,1679.6805555555557,0.78125,2.722686816944255
replicate_2,pos7,23,35.25,1717.136208576998,-18.31040984814649,37.45565302144223,1679.6805555555557,0.78125,2.272327479234198
replicate_2,pos7,24,36.75,1679.6805555555557,-55.76606286958895,0.0,1679.6805555555557,0.78125,1.842674078118586
replicate_2,pos7,25,38.25,1696.078386605784,-39.368231819360744,16.397831050228433,1679.6805555555557,0.78125,1.429811519420903
replicate_2,pos7,26,39.75,1769.920158450704,34.4735400255596,90.23960289514844,1679.6805555555557,0.78125,1.0299777107311696
replicate_2,pos7,27,41.25,1681.9846153846154,-53.462003040529225,2.3040598290597245,1679.6805555555557,0.78125,0.6395292804109651
replicate_2,pos7,28,42.75,1728.664381854437,-6.782236570708051,48.98382629888124,1679.6805555555557,0.78125,0.254908378407649
replicate_2,pos7,29,44.25,1678.4741666666666,-56.97245175847797,-1.2063888888890233,1679.6805555555557,0.78125,-0.12738974364034109
replicate_2,pos7,30,45.75,1713.3529411764705,-22.093677248674112,33.67238562091484,1679.6805555555557,0.78125,-0.5108486684241624
replicate_2,pos7,31,47.25,1741.7727272727273,6.3261088475826455,62.092171717171595,1679.6805555555557,0.78125,-0.8989625561191009
replicate_2,pos7,32,48.75,1768.246753246753,32.80013482160848,88.56619769119743,1679.6805555555557,0.78125,-1.2952679839234145
replicate_2,pos7,33,50.25,1773.348484848485,37.901866423340266,93.66792929292933,1679.6805555555557,0.78125,-1.7033761721102114
replicate_2,pos7,34,51.75,1610.395983935743,-125.05063448940166,-69.2845716198126,1679.6805555555557,0.78125,-2.1270058902430744
replicate_2,pos8,0,0.75,2741.604938271605,1006.1583198464604,1079.7854938271607,1661.8194444444443,20.476501231051028,31.61382331825002
replicate_2,pos8,1,2.25,2906.6836384439357,1171.237020018791,1244.8641939994914,1661.8194444444443,24.018842851911277,28.322525736919253
replicate_2,pos8,2,3.75,2950.1494252873563,1214.7028068622117,1288.329980842912,1661.8194444444443,24.84564660521676,25.371587297664792
replicate_2,pos8,3,5.25,2717.5015432098767,982.054924784732,1055.6820987654323,1661.8194444444443,19.930613629840757,22.725545807431043
replicate_2,pos8,4,6.75,2787.0,1051.5533815748554,1125.1805555555557,1661.8194444444443,21.49304244043436,20.352603098926018
replicate_2,pos8,5,8.25,2806.0456967213113,1070.599078296167,1144.226252276867,1661.8194444444443,21.91275763561182,18.224242903792682
replicate_2,pos8,6,9.75,2729.035067873303,993.5884494481586,1067.2156234288586,1661.8194444444443,20.19218286583973,16.314888165211524
replicate_2,pos8,7,11.25,2713.490909090909,978.0442906657644,1051.6714646464648,1661.8194444444443,19.83953523496391,14.601593671771012
replicate_2,pos8,8,12.75,2508.310344827586,772.8637264024414,846.4909003831417,1661.8194444444443,15.255959705345365,13.06377031890722
replicate_2,pos8,9,14.25,2399.383255269321,663.9366368441763,737.5638108248768,1661.8194444444443,13.024575178719902,11.682937684291032
replicate_2,pos8,10,15.75,2253.865671641791,518.4190532166463,592.0462271973465,1661.8194444444443,10.952553071183447,10.442501943796927
replicate_2,pos8,11,17.25,2181.346153846154,445.8995354210092,519.5267094017095,1661.8194444444443,10.016316597219637,9.327556459212024
replicate_2,pos8,12,18.75,2184.6,449.1533815748553,522.7805555555556,1661.8194444444443,10.066835990025863,8.324702641296074
replicate_2,pos8,13,20.25,2074.686090225564,339.2394718004193,412.8666457811196,1661.8194444444443,7.70693115848742,7.421888935457365
replicate_2,pos8,14,21.75,2041.8125,306.3658815748554,379.99305555555566,1661.8194444444443,6.750300821098055,6.608265995093542
replicate_2,pos8,15,23.25,1989.12,253.67338157485528,327.30055555555555,1661.8194444444443,2.3370444835363893,5.8740563021778485
replicate_2,pos8,16,24.75,1904.5819101834284,169.13529175828376,242.76246573898402,1661.8194444444443,0.78125,5.210436668287542
replicate_2,pos8,17,26.25,1849.129933481153,113.6833150560085,187.31048903670876,1661.8194444444443,0.78125,4.6094322040588045
replicate_2,pos8,18,27.75,1874.0551378446112,138.6085194194668,212.23569340016684,1661.8194444444443,0.78125,4.063820482871598
replicate_2,pos8,19,29.25,1795.9840909090908,60.5374724839462,134.16464646464647,1661.8194444444443,0.78125,3.56704474707461
replicate_2,pos8,20,30.75,1830.576923076923,95.13030465177847,168.75747863247875,1661.8194444444443,0.78125,3.1131351137269374
replicate_2,pos8,21,32.25,1768.421052631579,32.97443420643435,106.60160818713462,1661.8194444444443,0.78125,2.6966368329654684
replicate_2,pos8,22,33.75,1668.375,-67.0716184251446,6.555555555555657,1661.8194444444443,0.78125,2.3125447368601613
replicate_2,pos8,23,35.25,1678.481684981685,-56.964933443459586,16.662240537240677,1661.8194444444443,0.78125,1.9562430910120778
replicate_2,pos8,24,36.75,1727.725641025641,-7.720977399503681,65.90619658119658,1661.8194444444443,0.78125,1.623450126075233
replicate_2,pos8,25,38.25,1701.0096251266464,-34.43699329849824,39.190180682202026,1661.8194444444443,0.78125,1.3101665826231526
replicate_2,pos8,26,39.75,1678.553497468937,-56.89312095620767,16.734053024492596,1661.8194444444443,0.78125,1.0126276510104526
replicate_2,pos8,27,41.25,1676.4814814814815,-58.96513694366308,14.66203703703718,1661.8194444444443,0.78125,0.7272577286782843
replicate_2,pos8,28,42.75,1697.32,-38.12661842514467,35.50055555555559,1661.8194444444443,0.78125,0.45062745121043846
replicate_2,pos8,29,44.25,1661.8194444444443,-73.62717398070015,0.0,1661.8194444444443,0.78125,0.1794124807711634
replicate_2,pos8,30,45.75,1657.9019607843138,-77.5446576408309,-3.9174836601305287,1661.8194444444443,0.78125,-0.08964644332534301
replicate_2,pos8,31,47.25,1636.4137931034484,-99.03282532169624,-25.405651340995973,1661.8194444444443,0.78125,-0.3597826719964423
replicate_2,pos8,32,48.75,1668.789090262971,-66.65752816217366,6.969645818526715,1661.8194444444443,0.78125,-0.634242502408152
replicate_2,pos8,33,50.25,1754.0,18.553381574855393,92.18055555555566,1661.8194444444443,0.78125,-0.9163241895706732
replicate_2,pos8,34,51.75,1798.1162162162163,62.669597791071624,136.296771771772,1661.8194444444443,0.78125,-1.209417582324815
replicate_2,pos8,35,53.25,1762.2280219780218,26.78140355287735,100.4085775335775,1661.8194444444443,0.78125,-1.5170448600352509
replicate_2,pos9,0,0.75,2759.192281420765,1023.7456629956204,1090.0992581649512,1669.093023255814,20.709039692340504,35.579566665797024
replicate_2,pos9,1,2.25,3030.2632275132273,1294.816609088083,1361.1702042574134,1669.093023255814,26.181518664579023,31.77288344481853
replicate_2,pos9,2,3.75,3127.174822695036,1391.728204269891,1458.0817994392219,1669.093023255814,28.05113394717919,28.37122396916012
replicate_2,pos9,3,5.25,3053.248977206312,1317.8023587811672,1384.1559539504979,1669.093023255814,26.615490525401192,25.331225700966915
replicate_2,pos9,4,6.75,2994.1546678372843,1258.7080494121394,1325.0616445814703,1669.093023255814,25.51223279609605,22.614136366260112
replicate_2,pos9,5,8.25,2898.719298245614,1163.2726798204694,1229.6262749898,1669.093023255814,23.715265774779542,20.185319961649483
replicate_2,pos9,6,9.75,2710.4111111111115,974.9644926859668,1041.3180878552976,1669.093023255814,19.604202588085325,18.013815233064427
replicate_2,pos9,7,11.25,2555.5929541595924,820.1463357344478,886.4999309037785,1669.093023255814,16.1215969114784,16.07194099822638
replicate_2,pos9,8,12.75,2522.5098039215686,787.063185496424,853.4167806657547,1669.093023255814,15.404271884189498,14.334943281724186
replicate_2,pos9,9,14.25,2445.2727272727275,709.8261088475829,776.1797040169135,1669.093023255814,13.792247336891714,12.780679764558926
replicate_2,pos9,10,15.75,2337.86,602.4133815748555,668.7669767441862,1669.093023255814,11.837127684106227,11.389337525689626
replicate_2,pos9,11,17.25,2301.1739130434785,565.7272946183339,632.0808897876645,1669.093023255814,11.390729331926448,10.143180477499698
replicate_2,pos9,12,18.75,2237.1033088235295,501.65669039838485,568.0102855677155,1669.093023255814,10.677448226575457,9.026323275626504
replicate_2,pos9,13,20.25,2154.358002602472,418.9113841773276,485.26497934665804,1669.093023255814,9.417188938382946,8.024528821077247
replicate_2,pos9,14,21.75,2090.0350274725274,354.5884090473828,420.9420042167135,1669.093023255814,7.9269026763760975,7.125026773296373
replicate_2,pos9,15,23.25,2036.557989049278,301.11137062413366,367.464965793464,1669.093023255814,6.365216744020726,6.3163507606859675
replicate_2,pos9,16,24.75,1992.4725274725272,257.0259090473826,323.37950421671326,1669.093023255814,2.135524418934182,5.5881922134259
replicate_2,pos9,17,26.25,1913.9784090909093,178.53179066576467,244.88538583509535,1669.093023255814,0.78125,4.931268955332493
replicate_2,pos9,18,27.75,1871.1875,135.7408815748554,202.09447674418607,1669.093023255814,0.78125,4.337206879635019
replicate_2,pos9,19,29.25,1876.701754385965,141.25513596082033,207.608731130151,1669.093023255814,0.78125,3.7984332003359635
replicate_2,pos9,20,30.75,1853.05,117.60338157485567,183.95697674418602,1669.093023255814,0.78125,3.30807991838045
replicate_2,pos9,21,32.25,1810.725369458128,75.27875103298368,141.632346202314,1669.093023255814,0.78125,2.8598962720731347
replicate_2,pos9,22,33.75,1747.854838709677,12.40822028453249,78.76181545386316,1669.093023255814,0.78125,2.44816905570721
replicate_2,pos9,23,35.25,1723.4790153349477,-11.96760309019703,54.38599207913376,1669.093023255814,0.78125,2.0676497906700146
replicate_2,pos9,24,36.75,1757.6818376068377,22.23521918169297,88.58881435102376,1669.093023255814,0.78125,1.7134878206413724
replicate_2,pos9,25,38.25,1736.9024390243903,1.455820599245726,67.8094157685764,1669.093023255814,0.78125,1.3811684780180091
replicate_2,pos9,26,39.75,1669.093023255814,-66.35359516933067,0.0,1669.093023255814,0.78125,1.066455533342646
replicate_2,pos9,27,41.25,1683.1673427991886,-52.27927562595596,14.074319543374713,1669.093023255814,0.78125,0.7653371941138402
replicate_2,pos9,28,42.75,1680.7142857142858,-54.73233271085883,11.621262458471847,1669.093023255814,0.78125,0.47397496459824673
replicate_2,pos9,29,44.25,1694.7166666666667,-40.72995175847791,25.623643410852765,1669.093023255814,0.78125,0.18865471473750411
replicate_2,pos9,30,45.75,1691.0652929493544,-44.38132547579016,21.97226969354051,1669.093023255814,0.78125,-0.09426066559768922
replicate_2,pos9,31,47.25,1716.6593567251462,-18.78726169999834,47.56633346933222,1669.093023255814,0.78125,-0.37837763054458595
replicate_2,pos9,32,48.75,1710.762723289518,-24.683895135626585,41.669700033703975,1669.093023255814,0.78125,-0.6673179513991915
replicate_2,pos9,33,50.25,1743.75,8.303381574855393,74.65697674418607,1669.093023255814,0.78125,-0.9647648850220223
replicate_2,pos9,34,51.75,1786.85,51.4033815748553,117.75697674418598,1669.093023255814,0.78125,-1.2745101260289962
replicate_2,pos9,35,53.25,1660.358024691358,-75.08859373378664,-8.734998564455964,1669.093023255814,0.78125,-1.6005021412889007
replicate_3,pos10,0,0.75,2494.673469387755,759.2268509626106,1016.1208378088079,1478.5526315789473,19.030824937187614,27.204821700294872
replicate_3,pos10,1,2.25,2645.648251748252,910.201633323107,1167.0956201693045,1478.5526315789473,22.409593414942066,24.22578217823391
replicate_3,pos10,2,3.75,2499.7066666666665,764.2600482415219,1021.1540350877192,1478.5526315789473,19.145375041049885,21.57102439630295
replicate_3,pos10,3,5.25,2586.8333333333335,851.3867149081889,1108.2807017543862,1478.5526315789473,21.11688753758254,19.20501226873956
replicate_3,pos10,4,6.75,2524.5833333333335,789.1367149081889,1046.0307017543862,1478.5526315789473,19.711354171149956,17.09607480452059
replicate_3,pos10,5,8.25,2280.866666666667,545.4200482415222,802.3140350877195,1478.5526315789473,14.326893671184424,15.215982165464137
replicate_3,pos10,6,9.75,2185.320754716982,449.8741362918372,706.7681231380345,1478.5526315789473,12.433589944315981,13.539567786952638
replicate_3,pos10,7,11.25,2165.2250000000004,429.77838157485553,686.6723684210531,1478.5526315789473,12.095197458914257,12.04439150305698
replicate_3,pos10,8,12.75,2200.835978835979,465.38936041083434,722.2833472570317,1478.5526315789473,12.728544121739356,10.710439166717803
replicate_3,pos10,9,14.25,2099.798528579513,364.3519101543686,621.2458970005657,1478.5526315789473,11.27083089907685,9.519854744156888
replicate_3,pos10,10,15.75,2183.287878787879,447.8412603627344,704.7352472089317,1478.5526315789473,12.396569707030448,8.456701297384805
replicate_3,pos10,11,17.25,2034.9850746268655,299.5384562017209,556.4324430479182,1478.5526315789473,10.535189930782355,7.50674765536205
replicate_3,pos10,12,18.75,1978.0291666666667,242.582548241522,499.4765350877194,1478.5526315789473,9.681233964411307,6.657277918234002
replicate_3,pos10,13,20.25,1894.5172927164456,159.07067429130063,415.9646611374983,1478.5526315789473,7.792102724527294,5.896921244699572
replicate_3,pos10,14,21.75,1738.7274976801732,3.2808792550285943,260.1748661012259,1478.5526315789473,0.78125,5.2154996440792765
replicate_3,pos10,15,23.25,1774.9051543998144,39.45853597466965,296.3525228208671,1478.5526315789473,1.208624296973192,4.603891735656257
replicate_3,pos10,16,24.75,1744.8688524590164,9.422234033871746,266.31622088006907,1478.5526315789473,0.78125,4.053910651598486
replicate_3,pos10,17,26.25,1683.5289115646258,-51.91770686051882,204.9762799856785,1478.5526315789473,0.78125,3.558194449093769
replicate_3,pos10,18,27.75,1733.9224358974357,-1.524182527708831,255.36980431848838,1478.5526315789473,0.78125,3.1101075647751038
replicate_3,pos10,19,29.25,1605.7988235294115,-129.6477948957329,127.24619195046421,1478.5526315789473,0.78125,2.7036519923239637
replicate_3,pos10,20,30.75,1672.6893530997304,-62.75726532541421,194.1367215207831,1478.5526315789473,0.78125,2.333386994291697
replicate_3,pos10,21,32.25,1659.4389305035372,-76.00768792160738,180.88629892458994,1478.5526315789473,0.78125,1.9943562734166607
replicate_3,pos10,22,33.75,1567.8701048951048,-167.57651353003973,89.31747331615747,1478.5526315789473,0.78125,1.68202162856611
replicate_3,pos10,23,35.25,1580.46113383986,-154.98548458528478,101.90850226091266,1478.5526315789473,0.78125,1.3922022072338243
replicate_3,pos10,24,36.75,1560.149604519774,-175.2970139053706,81.59697294082662,1478.5526315789473,0.78125,1.1210185414388874
replicate_3,pos10,25,38.25,1524.5263364779871,-210.9202819471573,45.97370489903983,1478.5526315789473,0.78125,0.8648406179007444
replicate_3,pos10,26,39.75,1478.5526315789473,-256.8939868461973,0.0,1478.5526315789473,0.78125,0.6202392873677158
replicate_3,pos10,27,41.25,1480.6065573770493,-254.84006104809532,2.053925798102,1478.5526315789473,0.78125,0.38394036267342696
replicate_3,pos10,28,42.75,1539.882420091324,-195.5641983338204,61.32978851237681,1478.5526315789473,0.78125,0.15278079108641354
replicate_3,pos10,29,44.25,1563.878048780488,-171.5685696446567,85.32541720154063,1478.5526315789473,0.78125,-0.07633368571573648
replicate_3,pos10,30,45.75,1517.236111111111,-218.21050731403352,38.6834795321638,1478.5526315789473,0.78125,-0.3064699508032892
replicate_3,pos10,31,47.25,1528.7049261083744,-206.74169231677024,50.15229452942708,1478.5526315789473,0.78125,-0.5407085647113206
replicate_3,pos10,32,48.75,1558.9800347222222,-176.46658370292243,80.42740314327489,1478.5526315789473,0.78125,-0.7821850012406304
replicate_3,pos10,33,50.25,1575.3068181818182,-160.13980024332636,96.75418660287096,1478.5526315789473,0.78125,-1.0341316183172502
replicate_3,pos10,34,51.75,1558.2597402597405,-177.1868781654041,79.70710868079323,1478.5526315789473,0.78125,-1.2999209257245328
replicate_3,pos11,0,0.75,2820.4648666232924,1085.0182481981476,1169.9844318406836,1650.4804347826089,22.471721970324662,34.24593702272625
replicate_3,pos11,1,2.25,3016.4594594594596,1281.012841034315,1365.9790246768507,1650.4804347826089,26.271805932559708,30.50843548598031
replicate_3,pos11,2,3.75,2982.2638888888887,1246.817270463744,1331.7834541062798,1650.4804347826089,25.635654294414415,27.17635649331893
replicate_3,pos11,3,5.25,3058.2702702702704,1322.8236518451258,1407.7898354876615,1650.4804347826089,27.06795602034113,24.20542048989845
replicate_3,pos11,4,6.75,2903.2600529100528,1167.8134344849084,1252.7796181274439,1650.4804347826089,24.173890952062315,21.55614710205722
replicate_3,pos11,5,8.25,2713.6684684684687,978.221850043324,1063.1880336858599,1650.4804347826089,20.1009064326463,19.193330487877592
replicate_3,pos11,6,9.75,2597.7981598619895,862.3515414368449,947.3177250793806,1650.4804347826089,17.472160159202215,17.08557149143214
replicate_3,pos11,7,11.25,2514.053240740741,778.606622315596,863.572805958132,1650.4804347826089,15.622958885107233,15.204860383574047
replicate_3,pos11,8,12.75,2509.190476190476,773.7438577653315,858.7100414078673,1650.4804347826089,15.518074755040667,13.52620464436937
replicate_3,pos11,9,14.25,2412.293103448276,676.8464850231312,761.8126686656669,1650.4804347826089,13.50343691918088,12.02729684082166
replicate_3,pos11,10,15.75,2332.062448218724,596.6158297935795,681.5820134361152,1650.4804347826089,12.018199216521653,10.688218186359839
replicate_3,pos11,11,17.25,2228.137330316742,492.6907118915976,577.6568955341331,1650.4804347826089,10.79056316519053,9.491173842731039
replicate_3,pos11,12,18.75,2158.629310344828,423.18269191968307,508.148875562219,1650.4804347826089,9.83134520538177,8.420256446760277
replicate_3,pos11,13,20.25,2204.5526315789475,469.1060131538029,554.0721967963386,1650.4804347826089,10.505175909825814,7.461234719515584
replicate_3,pos11,14,21.75,2048.35,312.9033815748553,397.869565217391,1650.4804347826089,7.281715215020931,6.601364348733868
replicate_3,pos11,15,23.25,1952.131138975967,216.68452055082196,301.650704193358,1650.4804347826089,1.3397959881544041,5.829218631349163
replicate_3,pos11,16,24.75,1977.976235146967,242.52961672182232,327.49580036435805,1650.4804347826089,2.3476529418350784,5.1345366255544125
replicate_3,pos11,17,26.25,1891.7432432432431,156.2966248180985,241.26280846063423,1650.4804347826089,0.78125,4.50808679450963
replicate_3,pos11,18,27.75,1785.5504009163803,50.103782491235734,135.06996613377146,1650.4804347826089,0.78125,3.941544329675877
replicate_3,pos11,19,29.25,1781.4061147186148,45.95949629347013,130.92567993600596,1650.4804347826089,0.78125,3.4273805235410797
replicate_3,pos11,20,30.75,1718.6382978723404,-16.80832055280416,68.15786308973156,1650.4804347826089,0.78125,2.958762721626603
replicate_3,pos11,21,32.25,1666.3877354452056,-69.05888297993909,15.907300662596754,1650.4804347826089,0.78125,2.5294635242500636
replicate_3,pos11,22,33.75,1721.1767053701017,-14.269913055042936,70.69627058749279,1650.4804347826089,0.78125,2.13377803143867
replicate_3,pos11,23,35.25,1650.4804347826089,-84.96618364253584,0.0,1650.4804347826089,0.78125,1.766448031271766
replicate_3,pos11,24,36.75,1651.3023255813953,-84.14429284374933,0.8218907987863986,1650.4804347826089,0.78125,1.4225921242015227
replicate_3,pos11,25,38.25,1666.78125,-68.6653684251446,16.30081521739112,1650.4804347826089,0.78125,1.0976408547831664
replicate_3,pos11,26,39.75,1650.7464788732395,-84.70013955190507,0.2660440906306576,1650.4804347826089,0.78125,0.7872759887889332
replicate_3,pos11,27,41.25,1676.137254901961,-59.30936352318372,25.656820119352005,1650.4804347826089,0.78125,0.4873731287673817
replicate_3,pos11,28,42.75,1690.9924585218705,-44.45415990327422,40.51202373926162,1650.4804347826089,0.78125,0.19394690547386303
replicate_3,pos11,29,44.25,1647.4053387650088,-88.04127966013596,-3.075096017600117,1650.4804347826089,0.78125,-0.09690198317164735
replicate_3,pos11,30,45.75,1593.8592377941695,-141.5873806309752,-56.62119698843935,1650.4804347826089,0.78125,-0.3890385893916083
replicate_3,pos11,31,47.25,1594.8311403508771,-140.61547807426746,-55.64929443173173,1650.4804347826089,0.78125,-0.686345077716166
replicate_3,pos11,32,48.75,1598.375,-137.0716184251446,-52.10543478260888,1650.4804347826089,0.78125,-0.9927723145515898
replicate_3,pos11,33,50.25,1697.6969696969695,-37.74964872817509,47.216534914360636,1650.4804347826089,0.78125,-1.312392370718807
replicate_3,pos11,34,51.75,1683.1875,-52.25911842514461,32.70706521739112,1650.4804347826089,0.78125,-1.6494526346612963
replicate_3,pos12,0,0.75,2824.551724137931,1089.1051057127866,1261.2089211076282,1563.342803030303,24.336905621952912,35.0505015735439
replicate_3,pos12,1,2.25,3045.765432098766,1310.3188136736208,1482.4226290684628,1563.342803030303,28.536502535590543,32.11375298303627
replicate_3,pos12,2,3.75,2950.6666666666665,1215.220048241522,1387.3238636363635,1563.342803030303,26.67577463708864,29.41548626108074
replicate_3,pos12,3,5.25,2996.2045454545455,1260.757927029401,1432.8617424242425,1563.342803030303,27.554705754833414,26.9356636472186
replicate_3,pos12,4,6.75,2802.610984848485,1067.1643664233404,1239.2681818181818,1563.342803030303,23.908117357002457,24.65586958189369
replicate_3,pos12,5,8.25,2942.545342588446,1207.0987241633015,1379.2025395581431,1563.342803030303,26.521457622217227,22.559173949560176
replicate_3,pos12,6,9.75,2733.2380952380954,997.7914768129506,1169.8952922077924,1563.342803030303,22.469807142919286,20.630006352935368
replicate_3,pos12,7,11.25,2748.662354312354,1013.2157358872098,1185.3195512820512,1563.342803030303,22.798891415782403,18.8540404847379
replicate_3,pos12,8,12.75,2559.8703703703704,824.4237519452258,996.5275673400674,1563.342803030303,18.585200496308417,17.218087738237305
replicate_3,pos12,9,14.25,2514.8,779.3533815748556,951.4571969696972,1563.342803030303,17.56525986535657,15.70999926654999
replicate_3,pos12,10,15.75,2467.8520408163267,732.4054223911819,904.5092377860237,1563.342803030303,16.517685260515,14.318575763358197
replicate_3,pos12,11,17.25,2262.327272727273,526.8806543021283,698.9844696969699,1563.342803030303,12.29543743454398,13.033484295069153
replicate_3,pos12,12,18.75,2320.18511198946,584.7384935643151,756.842308959157,1563.342803030303,13.404392764150863,11.84518156679671
replicate_3,pos12,13,20.25,2285.0,549.5533815748554,721.657196969697,1563.342803030303,12.716510004008912,10.744843052326395
replicate_3,pos12,14,21.75,2149.2702702702704,413.8236518451258,585.9274672399674,1563.342803030303,10.88447179585032,9.724297461771622
replicate_3,pos12,15,23.25,2004.148936170213,268.7023177450683,440.8061331399099,1563.342803030303,8.438350686900963,8.775966060267397
replicate_3,pos12,16,24.75,1959.8524620510923,224.4058436259478,396.5096590207893,1563.342803030303,7.242164571694338,7.892806387072473
replicate_3,pos12,17,26.25,1941.4,205.95338157485548,378.0571969696971,1563.342803030303,6.6913948001575685,7.0682599571289115
replicate_3,pos12,18,27.75,1846.904761904762,111.45814347961732,283.5619588744589,1563.342803030303,0.9628549270893123,6.296203556702567
replicate_3,pos12,19,29.25,1822.9621385083717,87.51552008322699,259.6193354780687,1563.342803030303,0.78125,5.570903771418024
replicate_3,pos12,20,30.75,1700.56,-34.88661842514466,137.21719696969694,1563.342803030303,0.78125,4.8869744090059966
replicate_3,pos12,21,32.25,1764.4193548387098,28.972736413565144,201.07655180840675,1563.342803030303,0.78125,4.239336500577613
replicate_3,pos12,22,33.75,1715.1600840336134,-20.286534391531177,151.81728100331043,1563.342803030303,0.78125,3.6231805833887143
replicate_3,pos12,23,35.25,1714.7631578947369,-20.68346053040773,151.42035486443388,1563.342803030303,0.78125,3.033930984999883
replicate_3,pos12,24,36.75,1617.090400745573,-118.3562176795715,53.7475977152701,1563.342803030303,0.78125,2.467211843600712
replicate_3,pos12,25,38.25,1649.3369565217392,-86.10966190340537,85.99415349143624,1563.342803030303,0.78125,1.9188146121597627
replicate_3,pos12,26,39.75,1604.433962264151,-131.01265616099363,41.091159233847975,1563.342803030303,0.78125,1.384666805080851
replicate_3,pos12,27,41.25,1580.0868506493507,-155.359767775794,16.744047619047706,1563.342803030303,0.78125,0.8608017552733228
replicate_3,pos12,28,42.75,1563.342803030303,-172.1038153948416,0.0,1563.342803030303,0.78125,0.3433291570474879
replicate_3,pos12,29,44.25,1665.9,-69.54661842514452,102.55719696969709,1563.342803030303,0.78125,-0.17159382391796799
replicate_3,pos12,30,45.75,1626.1447368421052,-109.3018815830394,62.8019338118022,1563.342803030303,0.78125,-0.6877910880785888
replicate_3,pos12,31,47.25,1692.7790476190476,-42.66757080609693,129.43624458874456,1563.342803030303,0.78125,-1.2090959989208387
replicate_3,pos12,32,48.75,1658.2520979020978,-77.19452052304666,94.90929487179483,1563.342803030303,0.78125,-1.739379850132774
replicate_3,pos12,33,50.25,1699.9811320754718,-35.4654863496728,136.6383290451688,1563.342803030303,0.78125,-2.282580614450464
replicate_3,pos12,34,51.75,1712.7222222222222,-22.724396202922435,149.37941919191917,1563.342803030303,0.78125,-2.8427321876736866
replicate_3,pos13,0,0.75,3097.8863636363635,1362.439745211219,1447.7776679841895,1650.108695652174,27.847499290256465,37.070663993446146
replicate_3,pos13,1,2.25,3230.093023255814,1494.646404830669,1579.98432760364,1650.108695652174,30.538522101165682,33.41399181296736
replicate_3,pos13,2,3.75,3277.6853932584268,1542.2387748332822,1627.5766976062528,1650.108695652174,31.544136555685853,30.11372889911508
replicate_3,pos13,3,5.25,2942.964444444445,1207.5178260193,1292.8557487922708,1650.108695652174,24.92805515240817,27.134673103897416
replicate_3,pos13,4,6.75,2972.94,1237.4933815748554,1322.831304347826,1650.108695652174,25.471400203771786,24.44504842469973
replicate_3,pos13,5,8.25,2775.0095785440612,1039.5629601189166,1124.9008828918872,1650.108695652174,21.486844074119137,22.016166066577142
replicate_3,pos13,6,9.75,2732.5176158301156,997.0709974049712,1082.4089201779416,1650.108695652174,20.535720304047253,19.822118434147843
replicate_3,pos13,7,11.25,2697.01394984326,961.5673314181156,1046.905254191086,1650.108695652174,19.731233276376802,17.839502789062152
replicate_3,pos13,8,12.75,2695.205194805195,959.75857638005,1045.0964991530209,1650.108695652174,19.69011707179137,16.047171625448193
replicate_3,pos13,9,14.25,2585.8964237516866,850.4498053265422,935.7877280995126,1650.108695652174,17.213513652782677,14.426007100722206
replicate_3,pos13,10,15.75,2380.6071428571427,645.160524431998,730.4984472049687,1650.108695652174,12.887137317748158,12.958717115736837
replicate_3,pos13,11,17.25,2326.344827586207,590.8982091610624,676.236131934033,1650.108695652174,11.940570698053618,11.629650869162992
replicate_3,pos13,12,18.75,2343.795918367347,608.3492999422024,693.687222715173,1650.108695652174,12.20670644664609,10.424631918721905
replicate_3,pos13,13,20.25,2203.393800813008,467.9471823878637,553.2851051608341,1650.108695652174,10.495084082817694,9.330806968620555
replicate_3,pos13,14,21.75,2106.3333333333335,370.8867149081889,456.2246376811595,1650.108695652174,8.804334960105784,8.336508770286382
replicate_3,pos13,15,23.25,2094.2537313432836,358.80711291813896,444.14503569110957,1650.108695652174,8.519961262410114,7.43113167403646
replicate_3,pos13,16,24.75,2013.3411458333337,277.89452740818876,363.2324501811597,1650.108695652174,6.229544804642039,6.605018504257023
replicate_3,pos13,17,26.25,1952.0588235294117,216.6122051042671,301.9501278772377,1650.108695652174,1.3478102712255713,5.849357551451052
replicate_3,pos13,18,27.75,1987.71875,252.2721315748554,337.610054347826,1650.108695652174,2.981389527840791,5.156088582422964
replicate_3,pos13,19,29.25,1903.4,167.95338157485548,253.2913043478261,1650.108695652174,0.78125,4.517816866061033
replicate_3,pos13,20,30.75,1872.9715198666297,137.524901441485,222.8628242144557,1650.108695652174,0.78125,3.9277342976763525
replicate_3,pos13,21,32.25,1843.915254237288,108.46863581214348,193.8065585851141,1650.108695652174,0.78125,3.3795467805736137
replicate_3,pos13,22,33.75,1738.4576320939334,3.0110136687887916,88.3489364417594,1650.108695652174,0.78125,2.867407090271586
replicate_3,pos13,23,35.25,1711.4166666666667,-24.029951758477864,61.30797101449275,1650.108695652174,0.78125,2.3858525052716657
replicate_3,pos13,24,36.75,1683.128205128205,-52.318413296939525,33.01950947603109,1650.108695652174,0.78125,1.9297465391150923
replicate_3,pos13,25,38.25,1679.5184439973173,-55.928174427827344,29.40974834514327,1650.108695652174,0.78125,1.4942241522157012
replicate_3,pos13,26,39.75,1698.451612903226,-36.99500552191853,48.342917251052086,1650.108695652174,0.78125,1.0746398590719968
replicate_3,pos13,27,41.25,1654.7575757575758,-80.68904266756886,4.6488801054017586,1650.108695652174,0.78125,0.6665181773457892
replicate_3,pos13,28,42.75,1650.108695652174,-85.33792277297061,0.0,1650.108695652174,0.78125,0.2655058902740951
replicate_3,pos13,29,44.25,1686.41637207247,-49.03024635267445,36.30767642029605,1650.108695652174,0.78125,-0.13267438677714757
replicate_3,pos13,30,45.75,1692.918918918919,-42.527699506225645,42.81022326674497,1650.108695652174,0.78125,-0.5322698308984024
replicate_3,pos13,31,47.25,1695.84126984127,-39.6053485838745,45.73257418909611,1650.108695652174,0.78125,-0.9375427140140696
replicate_3,pos13,32,48.75,1860.8474576271187,125.40083920197412,210.73876197494474,1650.108695652174,0.78125,-1.35281586626858
replicate_3,pos13,33,50.25,1785.8406193078326,50.39400088268792,135.73192365565865,1650.108695652174,0.78125,-1.7825187853547921
replicate_3,pos13,34,51.75,1815.3561403508777,79.90952192573275,165.2474446987037,1650.108695652174,0.78125,-2.2312348836083533
replicate_3,pos14,0,0.75,2707.6027397260273,972.1561213008828,1088.5595849641225,1619.0431547619048,20.674374274036172,31.875317143912405
replicate_3,pos14,1,2.25,2974.7391304347825,1239.292512009638,1355.6959756728777,1619.0431547619048,26.07906528905352,28.92519432409468
replicate_3,pos14,2,3.75,2967.721767594108,1232.2751491689633,1348.678612832203,1619.0431547619048,25.948243394851644,26.243321043272566
replicate_3,pos14,3,5.25,2844.4601653892696,1109.0135469641252,1225.4170106273648,1619.0431547619048,23.630280737488917,23.804825860197813
replicate_3,pos14,4,6.75,2840.8714285714286,1105.424810146284,1221.8282738095238,1619.0431547619048,23.557455248392024,21.587094399272022
replicate_3,pos14,5,8.25,2753.4313725490197,1017.9847541238752,1134.3882177871149,1619.0431547619048,21.696562298047926,19.56955962694844
replicate_3,pos14,6,9.75,2546.4500918554804,811.003473430336,927.4069370935756,1619.0431547619048,17.02618714356007,17.733511114992112
replicate_3,pos14,7,11.25,2549.7708333333335,814.3242149081889,930.7276785714287,1619.0431547619048,17.10034019451886,16.061921521723406
replicate_3,pos14,8,12.75,2409.06779661017,673.6211781850252,790.024641848265,1619.0431547619048,14.074021768368686,14.539288682048468
replicate_3,pos14,9,14.25,2394.897891963109,659.4512735379647,775.8547372012042,1619.0431547619048,13.785673919891073,13.151491841834202
replicate_3,pos14,10,15.75,2322.036519607843,586.5899011826984,702.993364845938,1619.0431547619048,12.365386144921455,11.885660703358985
replicate_3,pos14,11,17.25,2288.6875,553.2408815748554,669.6443452380952,1619.0431547619048,11.848996422706804,10.730056067378802
replicate_3,pos14,12,18.75,2264.2006715386133,528.7540531134687,645.1575167767085,1619.0431547619048,11.540754382017795,9.673960964894603
replicate_3,pos14,13,20.25,2213.357643758766,477.9110253336212,594.314488996861,1619.0431547619048,10.977556399342955,8.707581268987047
replicate_3,pos14,14,21.75,2123.315789473684,387.8691710485395,504.27263471177935,1619.0431547619048,9.765253982675981,7.821954865002122
replicate_3,pos14,15,23.25,2101.2761258911496,365.829507466005,482.2329711292448,1619.0431547619048,9.357858904602422,7.008868536740507
replicate_3,pos14,16,24.75,2046.8,311.35338157485535,427.75684523809514,1619.0431547619048,8.107250850748141,6.2607817978609175
replicate_3,pos14,17,26.25,1864.8954545454544,129.44883612031003,245.8522997835496,1619.0431547619048,0.78125,5.570756962117075
replicate_3,pos14,18,27.75,1823.0666666666664,87.62004824152177,204.02351190476156,1619.0431547619048,0.78125,4.932394803906212
replicate_3,pos14,19,29.25,1778.1479500891264,42.70133166398193,159.1047953272216,1619.0431547619048,0.78125,4.339775212451074
replicate_3,pos14,20,30.75,1754.7619047619048,19.31528633676021,135.71875,1619.0431547619048,0.78125,3.7874022892478685
replicate_3,pos14,21,32.25,1682.8857142857144,-52.56090413943025,63.84255952380954,1619.0431547619048,0.78125,3.270153379619062
replicate_3,pos14,22,33.75,1635.2064102564104,-100.24020816873428,16.16325549450562,1619.0431547619048,0.78125,2.783231565694398
replicate_3,pos14,23,35.25,1646.013840018766,-89.43277840637847,26.97068525686109,1619.0431547619048,0.78125,2.3221211802445163
replicate_3,pos14,24,36.75,1619.0431547619048,-116.4034636632398,0.0,1619.0431547619048,0.78125,1.8825459288066346
replicate_3,pos14,25,38.25,1642.3259923175417,-93.12062610760302,23.28283755563689,1619.0431547619048,0.78125,1.4604292317308152
replicate_3,pos14,26,39.75,1647.1764705882354,-88.27014783690925,28.133315826330545,1619.0431547619048,0.78125,1.0518564183626735
replicate_3,pos14,27,41.25,1657.0409450766947,-78.40567334844991,37.99779031478988,1619.0431547619048,0.78125,0.6530384227549196
replicate_3,pos14,28,42.75,1657.907738095238,-77.53888032990665,38.86458333333326,1619.0431547619048,0.78125,0.26027664422517865
replicate_3,pos14,29,44.25,1638.5501792114696,-96.89643921367508,19.507024449564824,1619.0431547619048,0.78125,-0.13007135311981263
replicate_3,pos14,30,45.75,1695.30888030888,-40.13773811626447,76.26572554697509,1619.0431547619048,0.78125,-0.5216256199930215
replicate_3,pos14,31,47.25,1660.1315789473683,-75.31503947777628,41.08842418546351,1619.0431547619048,0.78125,-0.9180173939378721
replicate_3,pos14,32,48.75,1708.75,-26.696618425144607,89.70684523809518,1619.0431547619048,0.78125,-1.3229227750846162
replicate_3,pos14,33,50.25,1845.4834307992203,110.03681237407568,226.44027603731547,1619.0431547619048,0.78125,-1.7400968179581249
replicate_3,pos14,34,51.75,1912.566591017678,177.11997259253337,293.5234362557733,1619.0431547619048,1.1462404895662313,-2.173408355501329
replicate_3,pos15,0,0.75,2679.0,943.5533815748554,1059.6065217391304,1619.3934782608696,20.019678318398874,33.306665686513824
replicate_3,pos15,1,2.25,3054.4823529411765,1319.035734516032,1435.0888746803068,1619.3934782608696,27.598273010790134,29.81712245497187
replicate_3,pos15,2,3.75,2894.714285714286,1159.2676672891412,1275.3208074534161,1619.3934782608696,24.604723566258134,26.690833893884292
replicate_3,pos15,3,5.25,2809.686111111111,1074.2394926859663,1190.2926328502415,1619.3934782608696,22.903981882370122,23.88971319850602
replicate_3,pos15,4,6.75,2787.1136363636365,1051.667017938492,1167.7201581027668,1619.3934782608696,22.423037868666633,21.379635004236913
replicate_3,pos15,5,8.25,2755.1290322580644,1019.6824138329198,1135.7355539971948,1619.3934782608696,21.726250120621142,19.13001964569675
replicate_3,pos15,6,9.75,2597.1180613090305,861.6714428838859,977.7245830481609,1619.3934782608696,18.15851895746521,17.113460612181836
replicate_3,pos15,7,11.25,2539.213333333333,803.7667149081885,919.8198550724635,1619.3934782608696,16.857136626085158,15.305390660884703
replicate_3,pos15,8,12.75,2487.2954545454545,751.8488361203099,867.9019762845849,1619.3934782608696,15.716599518840278,13.683782520216397
replicate_3,pos15,9,14.25,2494.775238095238,759.3286196700935,875.3817598343683,1619.3934782608696,15.878962490091455,12.228880536973485
replicate_3,pos15,10,15.75,2308.2310606060605,572.7844421809159,688.8375823451909,1619.3934782608696,12.128923237395465,10.922959998073253
replicate_3,pos15,11,17.25,2249.0454545454545,513.5988361203099,629.6519762845849,1619.3934782608696,11.363583447177504,9.750111194732973
replicate_3,pos15,12,18.75,2185.2608695652175,449.8142511400729,565.8673913043478,1619.3934782608696,10.65169776693225,8.696045598400175
replicate_3,pos15,13,20.25,2071.098765432099,335.65214700695424,451.7052871712292,1619.3934782608696,8.699953347154686,7.7479217871230475
replicate_3,pos15,14,21.75,2103.448275862069,368.00165743692423,484.0547976011992,1619.3934782608696,9.393636496837994,6.8941890016646585
replicate_3,pos15,15,23.25,1937.6458333333337,202.19921490818888,318.25235507246407,1619.3934782608696,1.9026304462158325,6.1244464254436615
replicate_3,pos15,16,24.75,1940.004029850746,204.55741142560157,320.6105515898764,1619.3934782608696,2.0056860747490424,5.429316473943571
replicate_3,pos15,17,26.25,1895.66,160.21338157485548,276.26652173913044,1619.3934782608696,0.8587646751576398,4.80033054990667
replicate_3,pos15,18,27.75,1849.8761026463512,114.42948422120662,230.48262438548159,1619.3934782608696,0.78125,4.22982587249616
replicate_3,pos15,19,29.25,1778.6851851851852,43.23856676004061,159.29170692431558,1619.3934782608696,0.78125,3.710852123521596
replicate_3,pos15,20,30.75,1735.4,-0.0466184251445156,116.00652173913045,1619.3934782608696,0.78125,3.237086773421556
replicate_3,pos15,21,32.25,1678.9212962962963,-56.5253221288483,59.52781803542666,1619.3934782608696,0.78125,2.8027580554407705
replicate_3,pos15,22,33.75,1692.5807748538014,-42.86584357134325,73.18729659293172,1619.3934782608696,0.78125,2.402574649615107
replicate_3,pos15,23,35.25,1690.7796610169491,-44.66695740819546,71.3861827560795,1619.3934782608696,0.78125,2.0316612199216464
replicate_3,pos15,24,36.75,1661.659574468085,-73.7870439570595,42.26609620721547,1619.3934782608696,0.78125,1.6854990192588257
replicate_3,pos15,25,38.25,1632.2512677484788,-103.19535067666595,12.857789487609125,1619.3934782608696,0.78125,1.3598708386617122
replicate_3,pos15,26,39.75,1683.6753246753246,-51.77129374981996,64.281846414455,1619.3934782608696,0.78125,1.050809630082257
replicate_3,pos15,27,41.25,1648.4794520547946,-86.96716637035001,29.08597379392495,1619.3934782608696,0.78125,0.7545501768184684
replicate_3,pos15,28,42.75,1619.3934782608696,-116.05314016427496,0.0,1619.3934782608696,0.78125,0.4674832228052506
replicate_3,pos15,29,44.25,1621.4558823529412,-113.9907360722034,2.0624040920715743,1619.3934782608696,0.78125,0.1861115019353222
replicate_3,pos15,30,45.75,1608.0162337662337,-127.43038465891084,-11.377244494635988,1619.3934782608696,0.78125,-0.09299286827374412
replicate_3,pos15,31,47.25,1626.3617021276596,-109.08491629748504,6.968223866789913,1619.3934782608696,0.78125,-0.3732301477288451
replicate_3,pos15,32,48.75,1685.5632183908046,-49.88340003434007,66.16974012993501,1619.3934782608696,0.78125,-0.6580143982916251
replicate_3,pos15,33,50.25,1727.178571428571,-8.268046996573503,107.78509316770146,1619.3934782608696,0.78125,-0.9508150764545746
replicate_3,pos15,34,51.75,1769.67124382447,34.22462539932519,150.27776556360027,1619.3934782608696,0.78125,-1.255199300876294
replicate_3,pos15,35,53.25,1816.8020833333333,81.35546490818865,197.40860507246362,1619.3934782608696,0.78125,-1.5748753097109112
replicate_3,pos16,0,0.75,2982.505042290176,1247.058423865031,1280.4447586022327,1702.0602836879432,24.70031961305568,35.14334876044174
replicate_3,pos16,1,2.25,3209.1023474178405,1473.655728992696,1507.0420637298973,1702.0602836879432,29.033428043230007,31.790207302182043
replicate_3,pos16,2,3.75,3160.9180327868853,1425.4714143617407,1458.8577490989421,1702.0602836879432,28.066513320121917,28.752326084722764
replicate_3,pos16,3,5.25,3102.662162162162,1367.2155437370177,1400.601878474219,1702.0602836879432,26.929682191396573,25.999578750124932
replicate_3,pos16,4,6.75,2886.0692618806875,1150.6226434555429,1184.0089781927443,1702.0602836879432,22.771111582720135,23.504666584060622
replicate_3,pos16,5,8.25,2937.3480419194707,1201.901423494326,1235.2877582315275,1702.0602836879432,23.828815733901294,21.242847797249482
replicate_3,pos16,6,9.75,2739.5211178151794,1004.0744993900348,1037.4608341272362,1702.0602836879432,19.516466334788415,19.191692163659972
replicate_3,pos16,7,11.25,2718.723245614035,983.2766271888904,1016.6629619260918,1702.0602836879432,19.043162435992286,17.33085858224744
replicate_3,pos16,8,12.75,2623.030027453672,887.5834090285273,920.9697437657289,1702.0602836879432,16.882723580769568,15.641893356331359
replicate_3,pos16,9,14.25,2506.829326923077,771.3827084979323,804.769043235134,1702.0602836879432,14.377712139450258,14.10804719016903
replicate_3,pos16,10,15.75,2502.400742115028,766.9541236898833,800.340458427085,1702.0602836879432,14.286113319826416,12.71410908789941
replicate_3,pos16,11,17.25,2376.392857142857,640.9462387177125,674.3325734549137,1702.0602836879432,11.913675663783348,11.446255507649836
replicate_3,pos16,12,18.75,2302.2063492063494,566.7597307812048,600.1460655184062,1702.0602836879432,11.041400092141798,10.291913274882326
replicate_3,pos16,13,20.25,2276.2291666666665,540.7825482415219,574.1688829787233,1702.0602836879432,10.750158542846345,9.239634895505086
replicate_3,pos16,14,21.75,2213.974358974359,478.5277405492143,511.9140752864157,1702.0602836879432,9.894024201079521,8.278985032242144
replicate_3,pos16,15,23.25,2107.6463693539163,372.1997509287719,405.5860856659731,1702.0602836879432,7.503091676290669,7.400437018458756
replicate_3,pos16,16,24.75,2094.8902243589746,359.44360593382976,392.8299406710314,1702.0602836879432,7.1343796021910455,6.59527838318085
replicate_3,pos16,17,26.25,2056.36,320.9133815748555,354.29971631205694,1702.0602836879432,5.125418906217344,5.855524450409702
replicate_3,pos16,18,27.75,1940.5963718820865,205.1497534569415,238.5360881941433,1702.0602836879432,0.78125,5.173839155905098
replicate_3,pos16,19,29.25,1959.2454545454543,223.79883612030991,257.18517085751114,1702.0602836879432,0.78125,4.543462296185103
replicate_3,pos16,20,30.75,1989.203014184397,253.75639575925257,287.14273049645385,1702.0602836879432,1.0227765358724807,3.958142488278186
replicate_3,pos16,21,32.25,1794.6349206349207,59.18830220977611,92.57463694697753,1702.0602836879432,0.78125,3.412075175396402
replicate_3,pos16,22,33.75,1818.897733792312,83.4511153671674,116.83745010436883,1702.0602836879432,0.78125,2.899845063738241
replicate_3,pos16,23,35.25,1785.3,49.85338157485535,83.23971631205677,1702.0602836879432,0.78125,2.416372419572758
replicate_3,pos16,24,36.75,1766.063197767145,30.61657934200059,64.0029140792019,1702.0602836879432,0.78125,1.9568626940386884
replicate_3,pos16,25,38.25,1869.605769230769,134.15915080562456,167.54548554282587,1702.0602836879432,0.78125,1.5167589760927997
replicate_3,pos16,26,39.75,1714.9791666666667,-20.467451758477864,12.918882978723559,1702.0602836879432,0.78125,1.091696802088223
replicate_3,pos16,27,41.25,1770.5547297297298,35.10811130458512,68.49444604178666,1702.0602836879432,0.78125,0.677460873833977
replicate_3,pos16,28,42.75,1702.0602836879432,-33.38633473720142,0.0,1702.0602836879432,0.78125,0.26994325591308604
replicate_3,pos16,29,44.25,1663.078947368421,-72.36767105672357,-38.98133631952214,1702.0602836879432,0.78125,-0.13489736229362667
replicate_3,pos16,30,45.75,1652.148148148148,-83.29847027699657,-49.912135539795145,1702.0602836879432,0.78125,-0.5410757438724302
replicate_3,pos16,31,47.25,1714.6406482307464,-20.80597019439824,12.580364542803181,1702.0602836879432,0.78125,-0.9526199183724006
replicate_3,pos16,32,48.75,1696.138888888889,-39.30772953625569,-5.921394799054269,1702.0602836879432,0.78125,-1.3736111273632956
replicate_3,pos16,33,50.25,1706.7534246575342,-28.69319376761041,4.693140969591013,1702.0602836879432,0.78125,-1.8082242976916036
replicate_3,pos16,34,51.75,1696.3066666666666,-39.13995175847799,-5.753617021276568,1702.0602836879432,0.78125,-2.2607694438039228
replicate_3,pos17,0,0.75,2709.019077901431,973.5724594762862,1230.3342952927355,1478.6847826086955,23.729514072698006,33.077160931385805
replicate_3,pos17,1,2.25,2948.6096969696973,1213.1630785445525,1469.9249143610018,1478.6847826086955,28.286539553415356,29.046628163565522
replicate_3,pos17,2,3.75,2787.551724137931,1052.1051057127866,1308.8669415292356,1478.6847826086955,25.21710456061733,25.50590820176336
replicate_3,pos17,3,5.25,2670.105254237288,934.6586358121436,1191.4204716285926,1478.6847826086955,22.927742983242396,22.395293944347813
replicate_3,pos17,4,6.75,2454.6666666666665,719.2200482415219,975.981884057971,1478.6847826086955,18.119044561820104,19.662331155003223
replicate_3,pos17,5,8.25,2420.2713032581455,684.8246848330009,941.58652064945,1478.6847826086955,17.343466902794404,17.260933927818105
replicate_3,pos17,6,9.75,2343.782962962963,608.3363445378184,865.0981803542677,1478.6847826086955,15.655924717187226,15.150607541422797
replicate_3,pos17,7,11.25,2256.186046511628,520.7394280864833,777.5012639029324,1478.6847826086955,13.818999057193142,13.295765597178749
replicate_3,pos17,8,12.75,2211.5,476.0533815748554,732.8152173913045,1478.6847826086955,12.932098461219645,11.665129926332117
replicate_3,pos17,9,14.25,2165.0232558139537,429.5766373888091,686.3384732052582,1478.6847826086955,12.09004967022948,10.231203146776002
replicate_3,pos17,10,15.75,2075.8772727272726,340.430654302128,597.1924901185771,1478.6847826086955,11.009133935400456,8.96980497515482
replicate_3,pos17,11,17.25,1950.967741935484,215.5211235103393,472.2829593267884,1478.6847826086955,9.155580972097958,7.859664475149617
replicate_3,pos17,12,18.75,1899.9742424242424,164.52762399909773,421.28945981554693,1478.6847826086955,7.936216985769151,6.882061366033829
replicate_3,pos17,13,20.25,1869.875,134.4283815748554,391.1902173913045,1478.6847826086955,7.085999304311348,6.020510342891801
replicate_3,pos17,14,21.75,1847.0615384615385,111.61492003639388,368.37675585284296,1478.6847826086955,6.393529182407602,5.260483085197081
replicate_3,pos17,15,23.25,1789.9,54.45338157485549,311.2152173913046,1478.6847826086955,1.6321085042204375,4.589163265985815
replicate_3,pos17,16,24.75,1773.8974358974358,38.45081747229119,295.2126532887403,1478.6847826086955,1.1828837914521384,3.9952304303490274
replicate_3,pos17,17,26.25,1784.581818181818,49.1351997566735,305.8970355731226,1478.6847826086955,1.459993255208657,3.468669098790392
replicate_3,pos17,18,27.75,1691.281038961039,-44.165579464105576,212.59625635234352,1478.6847826086955,0.78125,3.0005998763626214
replicate_3,pos17,19,29.25,1634.1014285714286,-101.34518985371608,155.41664596273313,1478.6847826086955,0.78125,2.583129719578633
replicate_3,pos17,20,30.75,1583.0980392156862,-152.3485792094583,104.41325660699067,1478.6847826086955,0.78125,2.2092188361509475
replicate_3,pos17,21,32.25,1497.5897832817336,-237.85683514341088,18.905000673038103,1478.6847826086955,0.78125,1.872561973091813
replicate_3,pos17,22,33.75,1478.6847826086955,-256.7618358164491,0.0,1478.6847826086955,0.78125,1.5674820913372909
replicate_3,pos17,23,35.25,1493.241935483871,-242.20468294127363,14.557152875175461,1478.6847826086955,0.78125,1.2888346339322538
replicate_3,pos17,24,36.75,1497.9708316909737,-237.47578673417092,19.28604908227817,1478.6847826086955,0.78125,1.0319207734523002
replicate_3,pos17,25,38.25,1501.322033898305,-234.1245845268395,22.637251289609594,1478.6847826086955,0.78125,0.792408175755304
replicate_3,pos17,26,39.75,1509.9841954022988,-225.46242302284577,31.299412793603324,1478.6847826086955,0.78125,0.5662579439030728
replicate_3,pos17,27,41.25,1524.9166666666667,-210.52995175847784,46.23188405797123,1478.6847826086955,0.78125,0.34965651030967426
replicate_3,pos17,28,42.75,1536.874047564073,-198.5725708610715,58.18926495537744,1478.6847826086955,0.78125,0.13895132861487353
replicate_3,pos17,29,44.25,1525.4035604508194,-210.04305797432505,46.71877784212393,1478.6847826086955,0.78125,-0.06941071914418977
replicate_3,pos17,30,45.75,1536.9402985074628,-198.50631991768185,58.25551589876727,1478.6847826086955,0.78125,-0.2789432387019177
replicate_3,pos17,31,47.25,1504.8320346320347,-230.61458379311,26.147252023339206,1478.6847826086955,0.78125,-0.4931795734391214
replicate_3,pos17,32,48.75,1545.8642533936652,-189.5823650314794,67.17947078496968,1478.6847826086955,0.78125,-0.7157323870934907
replicate_3,pos17,33,50.25,1559.9038303468683,-175.54278807827632,81.21904773817278,1478.6847826086955,0.78125,-0.9503545840479173
replicate_3,pos17,34,51.75,1534.275,-201.17161842514452,55.59021739130458,1478.6847826086955,0.78125,-1.2010025944944789
replicate_3,pos18,0,0.75,2731.923076923077,996.4764584979324,1201.3771274457254,1530.5459494773518,23.136306770775395,31.98942704377351
replicate_3,pos18,1,2.25,2912.139528508772,1176.692910083627,1381.5935790314202,1530.5459494773518,26.566812907887254,28.71020942370599
replicate_3,pos18,2,3.75,2985.686046511628,1250.2394280864833,1455.140097034276,1530.5459494773518,27.99288589645465,25.764022543827032
replicate_3,pos18,3,5.25,2815.7428571428572,1080.2962387177126,1285.1969076655055,1530.5459494773518,24.78816600859563,23.116691425373514
replicate_3,pos18,4,6.75,2562.6470588235293,827.2004403983847,1032.1011093461775,1530.5459494773518,19.394518307905113,20.737507736375726
replicate_3,pos18,5,8.25,2458.0590327169275,722.6124142917829,927.5130832395757,1530.5459494773518,17.028555920095254,18.598873583230816
replicate_3,pos18,6,9.75,2418.34826974268,682.901651317535,887.802320265328,1530.5459494773518,16.15011690949284,16.67598138252818
replicate_3,pos18,7,11.25,2330.277777777778,594.8311593526332,799.7318283004261,1530.5459494773518,14.273550192554598,14.94652609972585
replicate_3,pos18,8,12.75,2240.056739811912,504.6101213867675,709.5107903345602,1530.5459494773518,12.484638161169578,13.390446516723513
replicate_3,pos18,9,14.25,2294.694382647386,559.2477642222414,764.1484331700344,1530.5459494773518,13.550137591756586,11.989692527105307
replicate_3,pos18,10,15.75,2156.625,421.1783815748554,626.0790505226482,1530.5459494773518,11.323958836714485,10.728015759739542
replicate_3,pos18,11,17.25,2217.1666666666665,481.7200482415219,686.6207171893147,1530.5459494773518,12.09440021651085,9.590781102025227
replicate_3,pos18,12,18.75,2075.260348583878,339.8137301587333,544.7143991065263,1530.5459494773518,10.38235278390396,8.564796936505386
replicate_3,pos18,13,20.25,2077.781539030707,342.33492060556205,547.2355895533551,1530.5459494773518,10.41607186163253,7.638162121637585
replicate_3,pos18,14,21.75,1977.7608695652175,242.31425114007277,447.2149200878657,1530.5459494773518,8.59385496399526,6.800127941739335
replicate_3,pos18,15,23.25,1920.462962962963,185.01634453781844,389.9170134856113,1530.5459494773518,7.048288802538843,6.040973424764909
replicate_3,pos18,16,24.75,1909.0263986013983,173.5797801762537,378.4804491240466,1530.5459494773518,6.7042940767697,5.351892581633063
replicate_3,pos18,17,26.25,1845.5409836065571,110.09436518141251,314.99503412920535,1530.5459494773518,1.7708574714186813,4.724892259112092
replicate_3,pos18,18,27.75,1741.7837837837835,6.337165358638913,211.23783430643175,1530.5459494773518,0.78125,4.1526994213830655
replicate_3,pos18,19,29.25,1694.840909090909,-40.6057093342356,164.29495961355724,1530.5459494773518,0.78125,3.628676784772178
replicate_3,pos18,20,30.75,1639.1639344262296,-96.282683998915,108.61798494887785,1530.5459494773518,0.78125,3.1467458270377233
replicate_3,pos18,21,32.25,1587.4719101123596,-147.97470831278497,56.92596063500787,1530.5459494773518,0.78125,2.7013162781400246
replicate_3,pos18,22,33.75,1546.8383940620784,-188.60822436306637,16.29244458472658,1530.5459494773518,0.78125,2.287221274606164
replicate_3,pos18,23,35.25,1532.6363636363635,-202.8102547887811,2.0904141590117433,1530.5459494773518,0.78125,1.8996574252974687
replicate_3,pos18,24,36.75,1533.24,-202.2066184251446,2.69405052264824,1530.5459494773518,0.78125,1.534129093358741
replicate_3,pos18,25,38.25,1542.418548387097,-193.02807003804776,11.872598909745193,1530.5459494773518,0.78125,1.1863962480347583
replicate_3,pos18,26,39.75,1556.1968177855276,-179.24980063961698,25.65086830817586,1530.5459494773518,0.78125,0.8524252814490654
replicate_3,pos18,27,41.25,1589.6875,-145.7591184251446,59.14155052264823,1530.5459494773518,0.78125,0.5283422198328854
replicate_3,pos18,28,42.75,1530.5459494773518,-204.90066894779272,0.0,1530.5459494773518,0.78125,0.21038778646692405
replicate_3,pos18,29,44.25,1487.4948979591836,-247.951720465961,-43.05105151816815,1530.5459494773518,0.78125,-0.10512620492177127
replicate_3,pos18,30,45.75,1511.294251447477,-224.15236697766736,-19.25169802987466,1530.5459494773518,0.78125,-0.4218596321328122
replicate_3,pos18,31,47.25,1520.4242424242425,-215.0223760009021,-10.121707053109276,1530.5459494773518,0.78125,-0.7434865180947621
replicate_3,pos18,32,48.75,1660.7418935321657,-74.70472489297879,130.19594405481394,1530.5459494773518,0.78125,-1.0737376485471362
replicate_3,pos18,33,50.25,1655.9714285714283,-79.4751898537163,125.42547909407654,1530.5459494773518,0.78125,-1.4164438481558053
replicate_3,pos18,34,51.75,1618.5384615384614,-116.90815688668316,87.99251206110966,1530.5459494773518,0.78125,-1.7755804170531555
replicate_3,pos19,0,0.75,3016.458333333333,1281.0117149081889,1288.813405797101,1727.644927536232,24.854484468718685,34.32278601915718
replicate_3,pos19,1,2.25,3282.3617021276596,1546.915083702515,1554.7167745914276,1727.644927536232,30.011879974034443,30.90957542478101
replicate_3,pos19,2,3.75,3101.375,1365.9283815748554,1373.730072463768,1727.644927536232,26.417897151792918,27.831957514048565
replicate_3,pos19,3,5.25,2965.8253968253966,1230.378778400252,1238.1804692891646,1727.644927536232,23.886491249299432,25.05651785018097
replicate_3,pos19,4,6.75,2883.775,1148.3283815748557,1156.130072463768,1727.644927536232,22.172432077826752,22.55312281819685
replicate_3,pos19,5,8.25,2838.017857142857,1102.5712387177125,1110.372929606625,1727.644927536232,21.163623332886186,20.294592457017526
replicate_3,pos19,6,9.75,2821.1521739130435,1085.705555487899,1093.5072463768115,1727.644927536232,20.785704302906545,18.256405360102054
replicate_3,pos19,7,11.25,2739.391304347826,1003.9446859226814,1011.746376811594,1727.644927536232,18.931281576797762,16.416432440647334
replicate_3,pos19,8,12.75,2566.96316262354,831.5165441983954,839.318235087308,1727.644927536232,15.103088247564019,14.754696670778173
replicate_3,pos19,9,14.25,2495.346153846154,759.8995354210092,767.7012263099218,1727.644927536232,13.62136108448449,13.253156186157915
replicate_3,pos19,10,15.75,2393.480769230769,658.0341508056244,665.8358416945371,1727.644927536232,11.797986609306946,11.895508401134437
replicate_3,pos19,11,17.25,2414.2595652173914,678.8129467922467,686.6146376811594,1727.644927536232,12.094306400719264,10.66701300765247
replicate_3,pos19,12,18.75,2303.0118827160495,567.5652642909049,575.3669551798175,1727.644927536232,10.764096147614218,9.554331936188994
replicate_3,pos19,13,20.25,2302.1391990758566,566.692580650712,574.4942715396246,1727.644927536232,10.753950221592625,8.545384541129174
replicate_3,pos19,14,21.75,2340.1916666666666,604.745048241522,612.5467391304346,1727.644927536232,11.176089112324208,7.629216438295601
replicate_3,pos19,15,23.25,2193.2251984126983,457.7785799875537,465.58027087646633,1727.644927536232,9.012706623593324,6.795880570568491
replicate_3,pos19,16,24.75,2073.1891093786912,337.7424909535466,345.54418184245924,1727.644927536232,3.749650735560641,6.03632921029763
replicate_3,pos19,17,26.25,2003.7025691699605,268.2559507448158,276.0576416337285,1727.644927536232,0.8561084256469422,5.342315725950378
replicate_3,pos19,18,27.75,2008.2615207373271,272.8149023121829,280.61659320109516,1727.644927536232,0.918082066491268,4.706305046452602
replicate_3,pos19,19,29.25,1913.530612244898,178.08399381975346,185.88568470866608,1727.644927536232,0.78125,4.1213918511123975
replicate_3,pos19,20,30.75,1888.1777777777777,152.73115935263309,160.5328502415457,1727.644927536232,0.78125,3.5812255968949502
replicate_3,pos19,21,32.25,1859.75,124.3033815748554,132.105072463768,1727.644927536232,0.78125,3.079941569051665
replicate_3,pos19,22,33.75,1832.858173076923,97.4115546517786,105.2132455406911,1727.644927536232,0.78125,2.6120972065036594
replicate_3,pos19,23,35.25,1818.764705882353,83.31808745720832,91.11977834612094,1727.644927536232,0.78125,2.1726130106490475
replicate_3,pos19,24,36.75,1857.4044943820224,121.95787595687784,129.75956684579046,1727.644927536232,0.78125,1.7567173960267233
replicate_3,pos19,25,38.25,1759.3930555555555,23.946437130410914,31.74812801932353,1727.644927536232,0.78125,1.3598948840670633
replicate_3,pos19,26,39.75,1727.644927536232,-7.801690888912731,0.0,1727.644927536232,0.78125,0.9778370774566567
replicate_3,pos19,27,41.25,1739.5592760180996,4.1126575929549745,11.914348481867592,1727.644927536232,0.78125,0.6063958828339685
replicate_3,pos19,28,42.75,1745.529926595144,10.083308169999327,17.884999058911944,1727.644927536232,0.78125,0.24153847394350328
replicate_3,pos19,29,44.25,1804.4310344827584,68.98441605761377,76.78610694652639,1727.644927536232,0.78125,-0.12069649372737393
replicate_3,pos19,30,45.75,1758.4468085106382,23.000190085493617,30.80188097440623,1727.644927536232,0.78125,-0.48424189221717084
replicate_3,pos19,31,47.25,1704.8877306903623,-30.558887734782388,-22.757196845869657,1727.644927536232,0.78125,-0.8530448212265097
replicate_3,pos19,32,48.75,1702.2991309223437,-33.147487502800914,-25.345796613888297,1727.644927536232,0.78125,-1.2311094627275143
replicate_3,pos19,33,50.25,1742.70507518797,7.2584567628254035,15.060147651737907,1727.644927536232,0.78125,-1.6225405553291272
replicate_3,pos19,34,51.75,1670.6009642654567,-64.84565415968802,-57.04396327077529,1727.644927536232,0.78125,-2.0315879604099827
replicate_3,pos20,0,0.75,2995.7844632768365,1260.3378448516917,1267.4429998622024,1728.341463414634,24.4560216074371,35.33598394934081
replicate_3,pos20,1,2.25,3254.101694915254,1518.6550764901094,1525.76023150062,1728.341463414634,29.415120444929244,31.713766409016724
replicate_3,pos20,2,3.75,3169.7261235955057,1434.279505170361,1441.3846601808716,1728.341463414634,27.721717919441044,28.459408203175855
replicate_3,pos20,3,5.25,3095.5227272727275,1360.0761088475829,1367.1812638580934,1728.341463414634,26.294420240714604,25.53516086547931
replicate_3,pos20,4,6.75,2961.5593434343436,1226.1127250091988,1233.2178800197096,1728.341463414634,23.787403002072985,22.907105003773037
replicate_3,pos20,5,8.25,2920.4927536231885,1185.046135198044,1192.1512902085544,1728.341463414634,22.943125253327768,20.544756856910407
replicate_3,pos20,6,9.75,2795.205708245243,1059.7590898200986,1066.8642448306089,1728.341463414634,20.18422272183454,18.420714702689317
replicate_3,pos20,7,11.25,2534.723404255319,799.2767858301745,806.381940840685,1728.341463414634,14.4111531285165,16.510341015462735
replicate_3,pos20,8,12.75,2525.0221878224975,789.5755693973529,796.6807244078634,1728.341463414634,14.210663940382405,14.791476686655102
replicate_3,pos20,9,14.25,2517.2608695652175,781.8142511400729,788.9194061505834,1728.341463414634,14.051405667803309,13.244183993325931
replicate_3,pos20,10,15.75,2358.0599206349207,622.6133022097761,629.7184572202866,1728.341463414634,11.364324057599728,11.850515333380992
replicate_3,pos20,11,17.25,2359.8076923076924,624.3610738825478,631.4662288930583,1728.341463414634,11.383842336695428,10.594305044907852
replicate_3,pos20,12,18.75,2417.7852526439483,682.3386342188037,689.4437892293142,1728.341463414634,12.138474101358842,9.460981894873873
replicate_3,pos20,13,20.25,2334.2368421052633,598.7902236801187,605.8953786906293,1728.341463414634,11.103927819940088,8.437400062175717
replicate_3,pos20,14,21.75,2190.2580645161293,454.81144609098465,461.9166011014952,1728.341463414634,8.932349968890358,7.511686654552367
replicate_3,pos20,15,23.25,2195.9108658743635,460.46424744921865,467.5694024597294,1728.341463414634,9.055664973510169,6.673103990655641
replicate_3,pos20,16,24.75,2119.6285162713734,384.1818978462288,391.28705285673936,1728.341463414634,7.088862305897946,5.911925049838683
replicate_3,pos20,17,26.25,1955.962962962963,220.51634453781844,227.62149954832898,1728.341463414634,0.78125,5.219320644959845
replicate_3,pos20,18,27.75,1995.8947368421052,260.4481184169606,267.55327342747114,1728.341463414634,0.78125,4.58725700947898
replicate_3,pos20,19,29.25,1879.5956918800875,144.14907345494282,151.25422846545348,1728.341463414634,0.78125,4.008402610922138
replicate_3,pos20,20,30.75,1889.6831485587584,154.23653013361377,161.3416851441243,1728.341463414634,0.78125,3.4760431098106936
replicate_3,pos20,21,32.25,1823.8026315789473,88.35601315380268,95.46116816431322,1728.341463414634,0.78125,2.984003477633091
replicate_3,pos20,22,33.75,1764.2857142857142,28.839095860569618,35.94425087108016,1728.341463414634,0.78125,2.526576370477606
replicate_3,pos20,23,35.25,1755.6944444444443,20.247826019299737,27.35298102981028,1728.341463414634,0.78125,2.0984559275063113
replicate_3,pos20,24,36.75,1780.6120533695162,45.16543494437144,52.2705899548821,1728.341463414634,0.78125,1.694676226374983
replicate_3,pos20,25,38.25,1778.5666666666666,43.120048241522,50.22520325203254,1728.341463414634,0.78125,1.310553681721341
replicate_3,pos20,26,39.75,1728.341463414634,-7.105155010510543,0.0,1728.341463414634,0.78125,0.9416327185810656
replicate_3,pos20,27,41.25,1766.1541028980787,30.7074844729342,37.81263948344463,1728.341463414634,0.78125,0.5836340905780754
replicate_3,pos20,28,42.75,1742.8551020408163,7.408483615671798,14.513638626182228,1728.341463414634,0.78125,0.2324052434132493
replicate_3,pos20,29,44.25,1686.15625,-49.29036842514461,-42.18521341463406,1728.341463414634,0.78125,-0.11612785210007633
replicate_3,pos20,30,45.75,1724.962638076673,-10.483980348471391,-3.3788253379609614,1728.341463414634,0.78125,-0.46600795615970797
replicate_3,pos20,31,47.25,1699.6666666666667,-35.779951758477864,-28.67479674796732,1728.341463414634,0.78125,-0.8212934533979958
replicate_3,pos20,32,48.75,1719.9110389610391,-15.53557946410558,-8.430424453594924,1728.341463414634,0.78125,-1.186105427538646
replicate_3,pos20,33,50.25,1851.7671232876712,116.3205048625266,123.42565987303715,1728.341463414634,0.78125,-1.5646754633227489
replicate_3,pos20,34,51.75,1884.4714285714283,149.02481014628393,156.12996515679424,1728.341463414634,0.78125,-1.9613947301756811
