replicate,pos,y_bin,y_um,median_intensity,corrected_intensity,concentration,fitted_concentration
replicate_2,pos0,0,0.75,2964.7169811320755,1229.2703627069309,30.554780106254114,36.55514203419913
replicate_2,pos0,1,2.25,3039.088888888889,1303.6422704637444,31.438761297137578,34.77173721625878
replicate_2,pos0,2,3.75,3010.966745283019,1275.5201268578742,31.106809160246385,33.04667778319362
replicate_2,pos0,3,5.25,2932.8964285714287,1197.449810146284,30.17032088016732,31.377069164165032
replicate_2,pos0,4,6.75,2846.166332916145,1110.7197144910006,29.101401650905032,29.76010983226446
replicate_2,pos0,5,8.25,2958.7323943661972,1223.2857759410526,30.482771363508384,28.19308660367942
replicate_2,pos0,6,9.75,2823.054054054054,1087.6074356289096,28.810940163511503,26.673370085095115
replicate_2,pos0,7,11.25,2634.7456456456457,899.2990272205009,26.339698764346053,25.19841026169272
replicate_2,pos0,8,12.75,2559.8068885448915,824.3602701197469,25.294293798624956,23.765732218341103
replicate_2,pos0,9,14.25,2520.606971153846,785.1603527287016,24.73038144116427,22.372931986802467
replicate_2,pos0,10,15.75,2373.5348837209303,638.0882652957857,22.487681184210512,21.01767251198351
replicate_2,pos0,11,17.25,2286.0466666666666,550.600048241522,21.034334232411034,19.697679730463943
replicate_2,pos0,12,18.75,2311.6700819672133,576.2234635420684,21.470995557924766,18.410738754721994
replicate_2,pos0,13,20.25,2254.090909090909,518.6442906657644,20.475418586914426,17.154690156654485
replicate_2,pos0,14,21.75,2183.4,447.9533815748555,19.174136331849805,15.927426344155199
replicate_2,pos0,15,23.25,1991.7319587628865,256.2853403377419,14.979823950931424,14.726888024671739
replicate_2,pos0,16,24.75,1927.6442307692305,192.197612344086,13.209818637741154,13.551060749806767
replicate_2,pos0,17,26.25,1963.8666666666663,228.42004824152173,14.24368971727864,12.397971535165741
replicate_2,pos0,18,27.75,1920.3584905660375,184.9118721408929,12.98934290482547,11.26568554977933
replicate_2,pos0,19,29.25,1789.6109234234234,54.164304998278794,7.640836451152529,10.152302869545517
replicate_2,pos0,20,30.75,1746.9411764705883,11.494558045443682,3.9298079830313033,9.055955289243846
replicate_2,pos0,21,32.25,1620.9444444444443,-114.50217398070026,0.0,7.974803187772505
replicate_2,pos0,22,33.75,1715.40625,-20.040368425144607,0.0,6.907032441348245
replicate_2,pos0,23,35.25,1712.0675675675675,-23.379050857577113,0.0,5.85085137948963
replicate_2,pos0,24,36.75,1676.722446236559,-58.724172188585385,0.0,4.8044877786759095
replicate_2,pos0,25,38.25,1724.6363636363635,-10.810254788781094,0.0,3.766185888636994
replicate_2,pos0,26,39.75,1676.6017722878623,-58.84484613728216,0.0,2.7342034862848
replicate_2,pos0,27,41.25,1660.3239436619715,-75.12267476317311,0.0,1.7068089523425798
replicate_2,pos0,28,42.75,1703.6470588235295,-31.7995596016151,0.0,0.6822783657669669
replicate_2,pos0,29,44.25,1723.9169082125602,-11.529710212584405,0.0,-0.3411073889126982
replicate_2,pos0,30,45.75,1719.0166666666669,-16.429951758477728,0.0,-1.3650655061915085
replicate_2,pos0,31,47.25,1693.049180327869,-42.39743809727565,0.0,-2.3913141409628227
replicate_2,pos0,32,48.75,1710.7121212121212,-24.73449721302336,0.0,-3.421575291503603
replicate_2,pos0,33,50.25,1723.983606557377,-11.463011867767593,0.0,-4.457577688908774
replicate_2,pos0,34,51.75,1767.9655172413793,32.518898816234696,6.137122109197713,-5.501059697822939
replicate_2,pos1,0,0.75,2249.437426900585,513.9908084754402,20.39261300696298,30.078341305792396
replicate_2,pos1,1,2.25,2337.714285714286,602.2676672891412,21.905171807875895,26.109155097862246
replicate_2,pos1,2,3.75,2314.7380952380954,579.2914768129508,21.522633501600396,22.663199784787622
replicate_2,pos1,3,5.25,2186.1341064525723,450.68748802742743,19.226321690467316,19.671417969830312
replicate_2,pos1,4,6.75,2219.310528756957,483.8639103318126,19.847181395742222,17.07385395276237
replicate_2,pos1,5,8.25,2008.5642857142857,273.1176672891412,15.403766560664229,14.818452209764626
replicate_2,pos1,6,9.75,2063.668709677419,328.2220912522746,16.701836135184113,12.860014193897367
replicate_2,pos1,7,11.25,1986.4186046511627,250.9719862260181,14.842914494544344,11.159292550287528
replicate_2,pos1,8,12.75,1992.336405529954,256.88978710480944,14.995301786785033,9.682204593986079
replicate_2,pos1,9,14.25,1847.638227513228,112.19160908808306,10.4582831292556,8.399149288488413
replicate_2,pos1,10,15.75,1944.6511627906975,209.20454436555292,13.707337804059726,7.2844140370778625
replicate_2,pos1,11,17.25,1749.6923076923076,14.245689267163016,4.308134192749816,6.31565939901279
replicate_2,pos1,12,18.75,1737.7330224772836,2.286404052139005,1.9686006601437749,5.473471404202244
replicate_2,pos1,13,20.25,1681.8915307971015,-53.55508762804311,0.0,4.740972494697305
replicate_2,pos1,14,21.75,1643.542862021858,-91.9037564032866,0.0,4.103483296214728
replicate_2,pos1,15,23.25,1586.2152981427173,-149.2313202824273,0.0,3.548228441549688
replicate_2,pos1,16,24.75,1503.9846153846156,-231.4620030405291,0.0,3.0640805505403157
replicate_2,pos1,17,26.25,1548.4722222222222,-186.97439620292243,0.0,2.641337235908823
replicate_2,pos1,18,27.75,1533.2444444444443,-202.2021739807003,0.0,2.2715266661470768
replicate_2,pos1,19,29.25,1454.6507936507935,-280.7958247743511,0.0,1.9472377889012862
replicate_2,pos1,20,30.75,1448.179577464789,-287.26704096035576,0.0,1.6619718125101743
replicate_2,pos1,21,32.25,1466.753846153846,-268.6927722712985,0.0,1.4100119693671478
replicate_2,pos1,22,33.75,1456.1201809598742,-279.3264374652705,0.0,1.186308951147168
replicate_2,pos1,23,35.25,1428.5689655172414,-306.8776529079032,0.0,0.9863797200052185
replicate_2,pos1,24,36.75,1404.9701492537313,-330.4764691714133,0.0,0.8062176679095152
replicate_2,pos1,25,38.25,1368.8333333333333,-366.61328509181135,0.0,0.6422123236907038
replicate_2,pos1,26,39.75,1328.5,-406.9466184251446,0.0,0.49107699872576865
replicate_2,pos1,27,41.25,1311.8589743589744,-423.58764406617024,0.0,0.34978292126666644
replicate_2,pos1,28,42.75,1369.444099378882,-366.0025190462626,0.0,0.21549853945698494
replicate_2,pos1,29,44.25,1469.2054507337523,-266.241167691392,0.0,0.08553277666111316
replicate_2,pos1,30,45.75,1391.9213483146068,-343.5252701105378,0.0,-0.04271889806472623
replicate_2,pos1,31,47.25,1384.0629229925005,-351.3836954326441,0.0,-0.1718266651144217
replicate_2,pos1,32,48.75,1348.0550817341862,-387.3915366909585,0.0,-0.3043778610843897
replicate_2,pos1,33,50.25,1293.2291666666667,-442.21745175847786,0.0,-0.4430288293385413
replicate_2,pos1,34,51.75,1530.8,-204.64661842514465,0.0,-0.590558153477927
replicate_2,pos1,35,53.25,1364.1789071680375,-371.26771125710707,0.0,-0.7499223405207768
replicate_2,pos2,0,0.75,2979.0227272727275,1243.5761088475829,30.726366685696284,33.52731612466271
replicate_2,pos2,1,2.25,3119.146779661017,1383.7001612358724,32.36955621190648,32.41773328782971
replicate_2,pos2,2,3.75,3011.523076923077,1276.0764584979324,31.11340260888033,31.30815045106965
replicate_2,pos2,3,5.25,2803.5319991438355,1068.0853807186909,28.563622853060874,30.198567614380032
replicate_2,pos2,4,6.75,2774.858401084011,1039.4117826588663,28.196951352930668,29.088984777758363
replicate_2,pos2,5,8.25,2703.1702127659573,967.7235943408128,27.26112534647684,27.979401941202145
replicate_2,pos2,6,9.75,2637.4202898550725,901.973671429928,26.37627969363564,26.86981910470888
replicate_2,pos2,7,11.25,2626.6341463414633,891.1875279163187,26.228463991120833,25.760236268276078
replicate_2,pos2,8,12.75,2466.723925299507,731.277306874362,23.93367658300623,24.650653431901226
replicate_2,pos2,9,14.25,2447.5714285714284,712.1248101462838,23.643948853199014,23.541070595581846
replicate_2,pos2,10,15.75,2416.1369863013697,680.6903678762251,23.160358158601635,22.43148775931543
replicate_2,pos2,11,17.25,2253.421875,517.9752565748554,20.46353647858568,21.321904923099485
replicate_2,pos2,12,18.75,2241.1666666666665,505.7200482415219,20.244509868097058,20.21232208693151
replicate_2,pos2,13,20.25,2162.7261904761904,427.27957205104576,18.774159591072458,19.10273925080902
replicate_2,pos2,14,21.75,2108.4222222222224,372.97560379707784,17.673440662898013,17.99315641472951
replicate_2,pos2,15,23.25,2183.7668103448277,448.3201919196831,19.181146974439045,16.88357357869048
replicate_2,pos2,16,24.75,2218.4748062015506,483.0281877764059,19.831811125589258,15.77399074268944
replicate_2,pos2,17,26.25,2002.6352699530516,267.18865152790715,15.256077035719096,14.664407906723891
replicate_2,pos2,18,27.75,1974.3506535947713,238.90403516962655,14.526048750127188,13.554825070791342
replicate_2,pos2,19,29.25,1933.3151455835575,197.86852715841303,13.378287541453796,12.445242234889285
replicate_2,pos2,20,30.75,1904.754716981132,169.3080985559875,12.500580193182918,11.335659399015231
replicate_2,pos2,21,32.25,1809.0688405797105,73.62222215456563,8.719869949804865,10.226076563166684
replicate_2,pos2,22,33.75,1812.2747419550697,76.82812352992516,8.881493002265525,9.116493727341146
replicate_2,pos2,23,35.25,1805.0232558139537,69.5766373888091,8.51015987963115,8.006910891536117
replicate_2,pos2,24,36.75,1822.9019607843136,87.45534235916898,9.39171702692642,6.897328055749109
replicate_2,pos2,25,38.25,1796.535885167464,61.08926674231952,8.046687061910461,5.787745219977616
replicate_2,pos2,26,39.75,1735.4093652826048,-0.0372531425398392,0.0,4.678162384219146
replicate_2,pos2,27,41.25,1737.952380952381,2.5057625272363566,2.04730920677932,3.568579548471202
replicate_2,pos2,28,42.75,1697.657894736842,-37.788723688302525,0.0,2.4589967127312873
replicate_2,pos2,29,44.25,1662.032258064516,-73.4143603606285,0.0,1.3494138769969057
replicate_2,pos2,30,45.75,1741.764705882353,6.318087457208321,3.0414836313777993,0.2398310412655599
replicate_2,pos2,31,47.25,1741.9310344827586,6.484416057613998,3.075505685107219,-0.8697517944652461
replicate_2,pos2,32,48.75,1666.2777777777778,-69.16884064736678,0.0,-1.979334630198009
replicate_2,pos2,33,50.25,1650.5685194672133,-84.87809895793146,0.0,-3.088917465935226
replicate_2,pos2,34,51.75,1685.33988163735,-50.1067367877946,0.0,-4.198500301679393
replicate_2,pos3,0,0.75,3285.733333333333,1550.2867149081883,34.24740447058664,38.5108772494918
replicate_2,pos3,1,2.25,3422.5967741935483,1687.1501557684037,35.74054438429212,37.30484096016285
replicate_2,pos3,2,3.75,3307.7241379310344,1572.2775195058898,34.49007217773575,36.098804670917836
replicate_2,pos3,3,5.25,3343.8125,1608.3658815748554,34.885936326522376,34.89276838175404
replicate_2,pos3,4,6.75,3250.097536945813,1514.6509185206685,33.85173841246866,33.686732092668755
replicate_2,pos3,5,8.25,3028.385807990459,1292.9391895653143,31.31274266905416,32.48069580365926
replicate_2,pos3,6,9.75,3112.9827586206898,1377.5361401955452,32.298599750235425,31.27465951472285
replicate_2,pos3,7,11.25,3079.907187323147,1344.460568898002,31.915872916092983,30.06862322585681
replicate_2,pos3,8,12.75,2988.935483870968,1253.4888654458232,30.844818646668102,28.862586937058428
replicate_2,pos3,9,14.25,2686.2631578947367,950.816539469592,27.036154048524363,27.65655064832498
replicate_2,pos3,10,15.75,2609.438596491228,873.9919780660834,25.991166299410363,26.45051435965377
replicate_2,pos3,11,17.25,2557.722222222222,822.2756037970776,25.264615874492836,25.244478071042053
replicate_2,pos3,12,18.75,2516.2380952380954,780.7914768129508,24.666744099822342,24.038441782487155
replicate_2,pos3,13,20.25,2509.56,774.1133815748553,24.56915352927149,22.83240549398634
replicate_2,pos3,14,21.75,2354.3661971830984,618.9195787579538,22.17799061668801,21.626369205536893
replicate_2,pos3,15,23.25,2337.99659090909,602.5499724839462,21.90982730971224,20.420332917136108
replicate_2,pos3,16,24.75,2195.6355072463766,460.18888882123224,19.4064318526931,19.21429662878127
replicate_2,pos3,17,26.25,2086.2915646258502,350.84494620070564,17.201101241009326,18.00826034046966
replicate_2,pos3,18,27.75,2070.6615384615384,335.2149200363938,16.85804007362479,16.802224052198575
replicate_2,pos3,19,29.25,2008.5855442176871,273.1389257925424,15.404293000022546,15.596187763965291
replicate_2,pos3,20,30.75,2009.6491228070176,274.20250438187304,15.430603244545928,14.3901514757671
replicate_2,pos3,21,32.25,1850.3023255813953,114.85570715625067,10.564960315033414,13.184115187601286
replicate_2,pos3,22,33.75,1862.1935483870968,126.74692996195222,11.025091624614333,11.978078899465137
replicate_2,pos3,23,35.25,1780.016693163752,44.570074738607445,7.026655228438707,10.772042611355937
replicate_2,pos3,24,36.75,1833.2696428571428,97.8230244319982,9.856966369799528,9.566006323270976
replicate_2,pos3,25,38.25,1814.9063492063492,79.4597307812046,9.011352939740235,8.359970035207539
replicate_2,pos3,26,39.75,1766.8507462686566,31.404127843512015,6.045943019154819,7.15393374716291
replicate_2,pos3,27,41.25,1835.1786273194723,99.73200889432792,9.939575755194037,5.947897459134379
replicate_2,pos3,28,42.75,1746.9209039548025,11.474285529657664,3.9268380681801647,4.74186117111923
replicate_2,pos3,29,44.25,1773.658316008316,38.211697583171485,6.577157740826281,3.5358248831147505
replicate_2,pos3,30,45.75,1801.40350877193,65.95689034678549,8.316625988994328,2.3297885951182264
replicate_2,pos3,31,47.25,1877.4135723431496,141.96695391800515,11.580344937520406,1.123752307126944
replicate_2,pos3,32,48.75,1823.0105263157895,87.56390789064494,9.396744490735335,-0.08228398086180941
replicate_2,pos3,33,50.25,1776.679487179487,41.23286875434246,6.795629400771669,-1.2883202688507482
replicate_2,pos3,34,51.75,1902.8141114982575,167.36749307311322,12.438093285057361,-2.494356556842585
replicate_2,pos4,0,0.75,3113.0553174117167,1377.608698986572,32.29943566652358,37.45831457113902
replicate_2,pos4,1,2.25,3130.965909090909,1395.5192906657644,32.50529451690483,35.3225216736806
replicate_2,pos4,2,3.75,3121.1145662847794,1385.6679478596343,32.392184244706925,33.28629568379658
replicate_2,pos4,3,5.25,2942.540864356012,1207.0942459308674,30.287261224236104,31.343896900148305
replicate_2,pos4,4,6.75,2834.24657814096,1098.7999597158157,28.951912400716196,29.4898501009509
replicate_2,pos4,5,8.25,2752.599903241413,1017.153284816268,27.909394623723987,27.7189291104517
replicate_2,pos4,6,9.75,2751.3205128205127,1015.873894395368,27.892786250222077,26.026142067418053
replicate_2,pos4,7,11.25,2687.1315789473683,951.6849605222236,27.04775139275434,24.406717354109457
replicate_2,pos4,8,12.75,2491.8371266002846,756.39050817514,24.30826137910586,22.856090146070763
replicate_2,pos4,9,14.25,2488.9375,753.4908815748554,24.265309095995676,21.369889544832954
replicate_2,pos4,10,15.75,2223.1477272727275,487.7011088475829,19.917582415811165,19.94392625725136
replicate_2,pos4,11,17.25,2214.5344827586205,479.0878643334761,19.759160873635793,18.57418078675178
replicate_2,pos4,12,18.75,2107.054054054054,371.6074356289096,17.64467062210718,17.25679210319821
replicate_2,pos4,13,20.25,2188.5476190476193,453.10100062247466,19.272254155459176,15.98804675944476
replicate_2,pos4,14,21.75,2101.8478260869565,366.4012076618119,17.53468583124565,14.764368423893591
replicate_2,pos4,15,23.25,2012.764705882353,277.3180874572083,15.507362560924962,13.582307799553329
replicate_2,pos4,16,24.75,1938.2,202.75338157485544,13.521306008403386,12.438532901181858
replicate_2,pos4,17,26.25,1837.4897959183672,102.04317749322264,10.03841574106745,11.329819663106745
replicate_2,pos4,18,27.75,1848.1831578947367,112.73653946959212,10.480217330402823,10.253042851248667
replicate_2,pos4,19,29.25,1781.1626506024097,45.71603217726499,7.103716092304246,9.205167253730771
replicate_2,pos4,20,30.75,1755.576227390181,20.129608965036255,4.996101628485093,8.183239125242022
replicate_2,pos4,21,32.25,1739.1851851851852,3.738566760040612,2.429666593612005,7.184377861038031
replicate_2,pos4,22,33.75,1699.420218579235,-36.02639984590962,0.0,6.205767877110062
replicate_2,pos4,23,35.25,1717.3076923076922,-18.138926117452456,0.0,5.244650673634085
replicate_2,pos4,24,36.75,1705.9847560975609,-29.461862327583617,0.0,4.298317059328383
replicate_2,pos4,25,38.25,1712.925,-22.521618425144652,0.0,3.3640995148017674
replicate_2,pos4,26,39.75,1714.4458262671942,-21.0007921579504,0.0,2.439364673366278
replicate_2,pos4,27,41.25,1699.143101092896,-36.303517332248475,0.0,1.5215058981192995
replicate_2,pos4,28,42.75,1690.708590138675,-44.738028286469785,0.0,0.6079359343714399
replicate_2,pos4,29,44.25,1626.571428571429,-108.87518985371572,0.0,-0.30392038329112847
replicate_2,pos4,30,45.75,1645.15625,-90.2903684251446,0.0,-1.216633389867152
replicate_2,pos4,31,47.25,1713.6363636363635,-21.810254788781094,0.0,-2.1327758351848356
replicate_2,pos4,32,48.75,1679.834249084249,-55.61236934089561,0.0,-3.0549301359532866
replicate_2,pos4,33,50.25,1681.01,-54.436618425144616,0.0,-3.985695655062906
replicate_2,pos4,34,51.75,1755.370026525199,19.923408100054303,4.974100283739863,-4.92769602865357
replicate_2,pos5,0,0.75,2687.889967637541,952.4433492123962,27.057875567708667,34.0342290278784
replicate_2,pos5,1,2.25,2827.6923076923076,1092.245689267163,28.869431613605506,32.67181561786506
replicate_2,pos5,2,3.75,2931.342857142857,1195.8962387177123,30.151449196436584,31.33232859300701
replicate_2,pos5,3,5.25,2963.942528735632,1228.4959103104875,30.545469252538236,30.014828011802354
replicate_2,pos5,4,6.75,2785.951219512195,1050.5046010870506,28.3392963907087,28.71838936102167
replicate_2,pos5,5,8.25,2722.7916666666665,987.345048241522,27.52011006246644,27.442102906961
replicate_2,pos5,6,9.75,2637.962962962963,902.5163445378184,26.38369596702484,26.185073057065672
replicate_2,pos5,7,11.25,2616.562937062937,881.1163186377926,26.089730692725254,24.946417731477396
replicate_2,pos5,8,12.75,2569.1449530516434,833.6983346264988,25.426818874876627,23.72526774406336
replicate_2,pos5,9,14.25,2446.9188006828854,711.4721822577405,23.634012307940985,22.520766192493074
replicate_2,pos5,10,15.75,2363.937519872814,628.4909014476693,22.33319543551812,21.332067856935048
replicate_2,pos5,11,17.25,2330.5735744355147,595.1269560103701,21.787058725397372,20.158338606951187
replicate_2,pos5,12,18.75,2409.1891771019677,673.7425586768231,23.05205478261296,18.99875481617288
replicate_2,pos5,13,20.25,2261.5959513435005,526.1493329183559,20.608188536106812,17.852502784347955
replicate_2,pos5,14,21.75,2209.813655761024,474.3670373358795,19.67172150862842,16.71877816635296
replicate_2,pos5,15,23.25,2168.67963314358,433.2330147184354,18.890336508720456,15.596785407770096
replicate_2,pos5,16,24.75,2022.3728864734296,286.92626804828535,15.741225560340075,14.485737186632763
replicate_2,pos5,17,26.25,2023.6612903225807,288.2146718974361,15.77226596808893,13.38485386094794
replicate_2,pos5,18,27.75,1955.0526315789473,219.60601315380268,14.000834125702802,12.293362921607745
replicate_2,pos5,19,29.25,1830.1060606060605,94.65944218091602,9.718056771319937,11.21049845030628
replicate_2,pos5,20,30.75,1783.3243243243244,47.87770589917977,7.246157277478756,10.135500582081326
replicate_2,pos5,21,32.25,1741.5873015873017,6.1406831621570745,3.004627238679924,9.067614972103797
replicate_2,pos5,22,33.75,1666.322033898305,-69.1245845268395,0.0,8.006092266340776
replicate_2,pos5,23,35.25,1712.3472222222222,-23.099396202922435,0.0,6.950187575720647
replicate_2,pos5,24,36.75,1717.8846153846157,-17.562003040528907,0.0,5.899159953431409
replicate_2,pos5,25,38.25,1674.0172413793102,-61.42937704583437,0.0,4.852271874985312
replicate_2,pos5,26,39.75,1699.179487179487,-36.26713124565754,0.0,3.808788720685007
replicate_2,pos5,27,41.25,1556.6580957978254,-178.78852262731925,0.0,2.767978260128047
replicate_2,pos5,28,42.75,1586.025641025641,-149.4209773995035,0.0,1.7291101383879879
replicate_2,pos5,29,44.25,1718.625822368421,-16.820796056723566,0.0,0.6914553635115462
replicate_2,pos5,30,45.75,1622.9605263157894,-112.48609210935524,0.0,-0.34571420502781947
replicate_2,pos5,31,47.25,1642.0,-93.4466184251446,0.0,-1.3831263672788672
replicate_2,pos5,32,48.75,1706.8731343283582,-28.573484096786387,0.0,-2.4215090935226105
replicate_2,pos5,33,50.25,1649.3076923076924,-86.13892611745223,0.0,-3.4615910351018133
replicate_2,pos5,34,51.75,1692.4225352112676,-43.02408321387702,0.0,-4.504102035728395
replicate_2,pos5,35,53.25,1641.6369047619046,-93.8097136632399,0.0,-5.549773643627547
replicate_2,pos6,0,0.75,3006.25,1270.8033815748554,31.050864165770314,35.300692113574414
replicate_2,pos6,1,2.25,3117.162393162393,1381.7157747372485,32.346725588938234,34.11078114270775
replicate_2,pos6,2,3.75,3020.47380952381,1285.027191098665,31.219334891766685,32.92087017191784
replicate_2,pos6,3,5.25,2929.04,1193.5933815748554,30.123458045205233,31.730959201202
replicate_2,pos6,4,6.75,2942.0606854838707,1206.6140670587265,30.281447624369857,30.541048230557557
replicate_2,pos6,5,8.25,2930.409107402032,1194.9624889768877,30.14010204757138,29.351137259981833
replicate_2,pos6,6,9.75,2830.4052631578948,1094.95864473275,28.90359667069198,28.16122628947215
replicate_2,pos6,7,11.25,2661.6158602150535,926.1692417899092,26.705062851929075,26.971315319025823
replicate_2,pos6,8,12.75,2600.899428274428,865.4528098492835,25.87255597842601,25.781404348640187
replicate_2,pos6,9,14.25,2585.7045454545455,850.2579270294009,25.660197471041858,24.59149337831256
replicate_2,pos6,10,15.75,2528.970779220779,793.5241607956348,24.851758126943988,23.401582408040262
replicate_2,pos6,11,17.25,2370.698113207547,635.2514947824025,22.4421358437313,22.211671437820616
replicate_2,pos6,12,18.75,2500.4675324675327,765.0209140423881,24.435655060577247,21.02176046765095
replicate_2,pos6,13,20.25,2315.327215189873,579.8805967647286,21.532533664781504,19.83184949752858
replicate_2,pos6,14,21.75,2290.4646317829456,555.0180133578012,21.110326595522235,18.64193852745083
replicate_2,pos6,15,23.25,2169.1078260869563,433.6612076618119,18.898660772138935,17.45202755741503
replicate_2,pos6,16,24.75,2027.4541666666664,292.00754824152193,15.863218056184738,16.26211658741849
replicate_2,pos6,17,26.25,1956.861111111111,221.41449268596648,14.05108825339177,15.072205617458543
replicate_2,pos6,18,27.75,1966.12987012987,230.6832517047253,14.305226451490269,13.88229464753251
replicate_2,pos6,19,29.25,1883.615626511853,148.16900808670846,11.797119234559634,12.692383677637713
replicate_2,pos6,20,30.75,1846.7020933977456,111.25547497260106,10.420463463312018,11.502472707771469
replicate_2,pos6,21,32.25,1789.4886363636365,54.04201793849188,7.633413635719033,10.31256173793111
replicate_2,pos6,22,33.75,1741.1857142857143,5.739095860569705,2.9188843815863468,9.122650768113951
replicate_2,pos6,23,35.25,1835.356542617047,99.90992419190228,9.947229684754186,7.932739798317321
replicate_2,pos6,24,36.75,1799.358378870674,63.91176044552935,8.204627204331766,6.742828828538538
replicate_2,pos6,25,38.25,1771.870053475936,36.42343505079123,6.443198721486604,5.552917858774927
replicate_2,pos6,26,39.75,1753.340909090909,17.8942906657644,4.750302322619161,4.363006889023809
replicate_2,pos6,27,41.25,1702.090909090909,-33.3557093342356,0.0,3.173095919282508
replicate_2,pos6,28,42.75,1664.455337690632,-70.99128073451277,0.0,1.9831849495483473
replicate_2,pos6,29,44.25,1710.4375,-25.009118425144607,0.0,0.7932739798186482
replicate_2,pos6,30,45.75,1706.809523809524,-28.637094615620526,0.0,-0.396636989909266
replicate_2,pos6,31,47.25,1667.6301907968575,-67.8164276282871,0.0,-1.5865479596380725
replicate_2,pos6,32,48.75,1721.557142857143,-13.889475568001671,0.0,-2.7764589293704485
replicate_2,pos6,33,50.25,1638.638888888889,-96.80772953625568,0.0,-3.966369899109072
replicate_2,pos6,34,51.75,1639.5234375,-95.9231809251446,0.0,-5.15628086885662
replicate_2,pos6,35,53.25,1808.8,73.35338157485535,8.706138274505342,-6.346191838615769
replicate_2,pos7,0,0.75,2738.4313725490197,1002.9847541238752,27.724970616236348,34.04158060918087
replicate_2,pos7,1,2.25,2929.275,1193.8283815748557,30.126315431396083,32.725364135989395
replicate_2,pos7,2,3.75,3025.4586890243904,1290.0120705992458,31.278210663903163,31.423137538992197
replicate_2,pos7,3,5.25,2904.04705882353,1168.600440398385,29.818290675337472,30.134344124953024
replicate_2,pos7,4,6.75,2786.0155332681015,1050.5689148429572,28.340119845521684,28.858432943232252
replicate_2,pos7,5,8.25,2649.25,913.8033815748554,26.537505068968073,27.594858550259172
replicate_2,pos7,6,9.75,2794.0,1058.5533815748554,28.442188502294574,26.343080776358466
replicate_2,pos7,7,11.25,2587.85,852.4033815748553,25.69028396813545,25.102564494831256
replicate_2,pos7,8,12.75,2508.100378787879,772.6537603627341,24.547771795101543,23.87277939319199
replicate_2,pos7,9,14.25,2461.0169491525426,725.570330727398,23.847720376252994,22.653199746463375
replicate_2,pos7,10,15.75,2389.123287671233,653.6766692460883,22.736240619894016,21.443304192432407
replicate_2,pos7,11,17.25,2278.1174603174604,542.6708418923156,20.89718562792597,20.242575508771534
replicate_2,pos7,12,18.75,2308.68,573.2333815748552,21.42053934855336,19.050500391929486
replicate_2,pos7,13,20.25,2228.146753246753,492.7001348216088,20.00888233802829,17.866569237697444
replicate_2,pos7,14,21.75,2178.0285714285715,442.58195300342686,19.071138047474744,16.690275923356605
replicate_2,pos7,15,23.25,2049.9764204545454,314.5298020294008,16.390817569174615,15.521117591314088
replicate_2,pos7,16,24.75,2062.2166666666667,326.7700482415221,16.669181730167622,14.358594434134618
replicate_2,pos7,17,26.25,1975.5247727272729,240.07815430212815,14.55725059566575,13.20220948087621
replicate_2,pos7,18,27.75,1870.046551724138,134.5999332989934,11.315932428201412,12.051468384638337
replicate_2,pos7,19,29.25,1914.732142857143,179.28552443199828,12.81581068465789,10.905879211231936
replicate_2,pos7,20,30.75,1828.9597402597403,93.51312183459572,9.667083220886417,9.764952228880794
replicate_2,pos7,21,32.25,1727.918918918919,-7.527699506225645,0.0,8.62819969886447
replicate_2,pos7,22,33.75,1720.9142857142858,-14.532332710858782,0.0,7.495135667013213
replicate_2,pos7,23,35.25,1717.136208576998,-18.31040984814649,0.0,6.365275755965779
replicate_2,pos7,24,36.75,1679.6805555555557,-55.76606286958895,0.0,5.238136958101333
replicate_2,pos7,25,38.25,1696.078386605784,-39.368231819360744,0.0,4.113237429056878
replicate_2,pos7,26,39.75,1769.920158450704,34.4735400255596,6.292807346728396,2.99009628174199
replicate_2,pos7,27,41.25,1681.9846153846154,-53.462003040529225,0.0,1.8682333807627813
replicate_2,pos7,28,42.75,1728.664381854437,-6.782236570708051,0.0,0.7471691371671937
replicate_2,pos7,29,44.25,1678.4741666666666,-56.97245175847797,0.0,-0.37357569657609313
replicate_2,pos7,30,45.75,1713.3529411764705,-22.093677248674112,0.0,-1.4944802314528058
replicate_2,pos7,31,47.25,1741.7727272727273,6.3261088475826455,3.0431360478322844,-2.616023646719847
replicate_2,pos7,32,48.75,1768.246753246753,32.80013482160848,6.159843474305079,-3.7386853947512497
replicate_2,pos7,33,50.25,1773.348484848485,37.901866423340266,6.554206895486463,-4.862945406000889
replicate_2,pos7,34,51.75,1610.395983935743,-125.05063448940166,0.0,-5.989284294169569
replicate_2,pos8,0,0.75,2741.604938271605,1006.1583198464604,27.76637442899781,35.263030434140994
replicate_2,pos8,1,2.25,2906.6836384439357,1171.237020018791,29.850604424055906,33.40902397509302
replicate_2,pos8,2,3.75,2950.1494252873563,1214.7028068622117,30.37925941955271,31.6311033716916
replicate_2,pos8,3,5.25,2717.5015432098767,982.054924784732,27.450503849851437,29.925219579867594
replicate_2,pos8,4,6.75,2787.0,1051.5533815748554,28.352722058293082,28.287487612498033
replicate_2,pos8,5,8.25,2806.0456967213113,1070.599078296167,28.59557172572368,26.7141776917196
replicate_2,pos8,6,9.75,2729.035067873303,993.5884494481586,27.60205506904056,25.201706754716433
replicate_2,pos8,7,11.25,2713.490909090909,978.0442906657644,27.39762606621709,23.746630293637352
replicate_2,pos8,8,12.75,2508.310344827586,772.8637264024414,24.550848695209986,22.3456345110588
replicate_2,pos8,9,14.25,2399.383255269321,663.9366368441763,22.898290089964426,20.995528773128253
replicate_2,pos8,10,15.75,2253.865671641791,518.4190532166463,20.471419203403986,19.693238343200893
replicate_2,pos8,11,17.25,2181.346153846154,445.8995354210092,19.134828148555176,18.435797379421082
replicate_2,pos8,12,18.75,2184.6,449.1533815748553,19.19706041699357,17.220342180301305
replicate_2,pos8,13,20.25,2074.686090225564,339.2394718004193,16.947163170281524,16.044104662915988
replicate_2,pos8,14,21.75,2041.8125,306.3658815748554,16.201960618281905,14.904406058857521
replicate_2,pos8,15,23.25,1989.12,253.67338157485528,14.912714065007103,13.798650813597481
replicate_2,pos8,16,24.75,1904.5819101834284,169.13529175828376,12.495031873964786,12.724320675359513
replicate_2,pos8,17,26.25,1849.129933481153,113.6833150560085,10.518186398156448,11.678968960041873
replicate_2,pos8,18,27.75,1874.0551378446112,138.6085194194668,11.46077187258089,10.660214979128462
replicate_2,pos8,19,29.25,1795.9840909090908,60.5374724839462,8.015332090197443,9.665738617898516
replicate_2,pos8,20,30.75,1830.576923076923,95.13030465177847,9.738894578506628,8.693275051587301
replicate_2,pos8,21,32.25,1768.421052631579,32.97443420643435,6.173869833073873,7.740609587464401
replicate_2,pos8,22,33.75,1668.375,-67.0716184251446,0.0,6.80557262108292
replicate_2,pos8,23,35.25,1678.481684981685,-56.964933443459586,0.0,5.886034695212943
replicate_2,pos8,24,36.75,1727.725641025641,-7.720977399503681,0.0,4.979901650206422
replicate_2,pos8,25,38.25,1701.0096251266464,-34.43699329849824,0.0,4.0851098547489455
replicate_2,pos8,26,39.75,1678.553497468937,-56.89312095620767,0.0,3.1996215061368605
replicate_2,pos8,27,41.25,1676.4814814814815,-58.96513694366308,0.0,2.3214199893765826
replicate_2,pos8,28,42.75,1697.32,-38.12661842514467,0.0,1.4485052845368915
replicate_2,pos8,29,44.25,1661.8194444444443,-73.62717398070015,0.0,0.5788894118948931
replicate_2,pos8,30,45.75,1657.9019607843138,-77.5446576408309,0.0,-0.28940809549759716
replicate_2,pos8,31,47.25,1636.4137931034484,-99.03282532169624,0.0,-1.1583647021380445
replicate_2,pos8,32,48.75,1668.789090262971,-66.65752816217366,0.0,-2.0299593735593917
replicate_2,pos8,33,50.25,1754.0,18.553381574855393,4.824511517730737,-2.9061770832347182
replicate_2,pos8,34,51.75,1798.1162162162163,62.669597791071624,8.135613433209148,-3.7890133331644122
replicate_2,pos8,35,53.25,1762.2280219780218,26.78140355287735,5.64673503756287,-4.6804786984410525
replicate_2,pos9,0,0.75,2759.192281420765,1023.7456629956204,27.994834315166706,36.240186437092134
replicate_2,pos9,1,2.25,3030.2632275132273,1294.816609088083,31.334875656677106,34.55731025289744
replicate_2,pos9,2,3.75,3127.174822695036,1391.728204269891,32.46180028045705,32.92538172857508
replicate_2,pos9,3,5.25,3053.248977206312,1317.8023587811672,31.604891633217207,31.341994920526318
replicate_2,pos9,4,6.75,2994.1546678372843,1258.7080494121394,30.90704115371762,29.804815449948155
replicate_2,pos9,5,8.25,2898.719298245614,1163.2726798204694,29.752905645017,28.311577061271027
replicate_2,pos9,6,9.75,2710.4111111111115,974.9644926859668,27.356957799758895,26.86007828103019
replicate_2,pos9,7,11.25,2555.5929541595924,820.1463357344478,25.23426779823489,25.448179172245027
replicate_2,pos9,8,12.75,2522.5098039215686,787.063185496424,24.758047440352083,24.073798179521265
replicate_2,pos9,9,14.25,2445.2727272727275,709.8261088475829,23.60893107157586,22.734909060224858
replicate_2,pos9,10,15.75,2337.86,602.4133815748555,21.907574918270733,21.42953789720319
replicate_2,pos9,11,17.25,2301.1739130434785,565.7272946183339,21.293305103219748,20.155760188649424
replicate_2,pos9,12,18.75,2237.1033088235295,501.65669039838485,20.17130362937872,18.9116980108197
replicate_2,pos9,13,20.25,2154.358002602472,418.9113841773276,18.60944864779674,17.69551724942003
replicate_2,pos9,14,21.75,2090.0350274725274,354.5884090473828,17.282070129044907,16.505424895581335
replicate_2,pos9,15,23.25,2036.557989049278,301.11137062413366,16.078993920733435,15.339666402435927
replicate_2,pos9,16,24.75,1992.4725274725272,257.0259090473826,14.998784710599493,14.196523098398329
replicate_2,pos9,17,26.25,1913.9784090909093,178.53179066576467,12.792338172547376,13.074309653336847
replicate_2,pos9,18,27.75,1871.1875,135.7408815748554,11.357397887660332,11.971371593900273
replicate_2,pos9,19,29.25,1876.701754385965,141.25513596082033,11.555133258057946,10.886082864336533
replicate_2,pos9,20,30.75,1853.05,117.60338157485567,10.67355099023579,9.816843429207335
replicate_2,pos9,21,32.25,1810.725369458128,75.27875103298368,8.80386579433297,8.762076914464332
replicate_2,pos9,22,33.75,1747.854838709677,12.40822028453249,4.060678047819552,7.720228283409226
replicate_2,pos9,23,35.25,1723.4790153349477,-11.96760309019703,0.0,6.689761544111366
replicate_2,pos9,24,36.75,1757.6818376068377,22.23521918169297,5.213781806883532,5.669157484902963
replicate_2,pos9,25,38.25,1736.9024390243903,1.455820599245726,1.6228165438595137,4.656911434613366
replicate_2,pos9,26,39.75,1669.093023255814,-66.35359516933067,0.0,3.651531044240295
replicate_2,pos9,27,41.25,1683.1673427991886,-52.27927562595596,0.0,2.6515340867876063
replicate_2,pos9,28,42.75,1680.7142857142858,-54.73233271085883,0.0,1.6554462720258545
replicate_2,pos9,29,44.25,1694.7166666666667,-40.72995175847791,0.0,0.6617990729540075
replicate_2,pos9,30,45.75,1691.0652929493544,-44.38132547579016,0.0,-0.33087243924215526
replicate_2,pos9,31,47.25,1716.6593567251462,-18.78726169999834,0.0,-1.32403175492685
replicate_2,pos9,32,48.75,1710.762723289518,-24.683895135626585,0.0,-2.319143083630398
replicate_2,pos9,33,50.25,1743.75,8.303381574855393,3.4189305407090895,-3.317673512725598
replicate_2,pos9,34,51.75,1786.85,51.4033815748553,7.47087750569426,-4.321095170346885
replicate_2,pos9,35,53.25,1660.358024691358,-75.08859373378664,0.0,-5.330887395741061
replicate_3,pos10,0,0.75,2494.673469387755,759.2268509626106,24.350202529492332,33.46041553746401
replicate_3,pos10,1,2.25,2645.648251748252,910.201633323107,26.488514914645737,30.405809632904255
replicate_3,pos10,2,3.75,2499.7066666666665,764.2600482415219,24.424450687988926,27.62475537937705
replicate_3,pos10,3,5.25,2586.8333333333335,851.3867149081889,25.67603111398192,25.092232493198168
replicate_3,pos10,4,6.75,2524.5833333333335,789.1367149081889,24.788160384742806,22.785456650412556
replicate_3,pos10,5,8.25,2280.866666666667,545.4200482415222,20.944849306942174,20.68367450328915
replicate_3,pos10,6,9.75,2185.320754716982,449.8741362918372,19.210814292216185,18.76797696887974
replicate_3,pos10,7,11.25,2165.2250000000004,429.77838157485553,18.823022272491677,17.02112910985676
replicate_3,pos10,8,12.75,2200.835978835979,465.38936041083434,19.504213426820158,15.42741507712074
replicate_3,pos10,9,14.25,2099.798528579513,364.3519101543686,17.49116989959434,13.972496719173908
replicate_3,pos10,10,15.75,2183.287878787879,447.8412603627344,19.171992837728382,12.643284586212468
replicate_3,pos10,11,17.25,2034.9850746268655,299.5384562017209,16.04196336564917,11.427820168401153
replicate_3,pos10,12,18.75,1978.0291666666667,242.582548241522,14.62353029070277,10.31516830886443
replicate_3,pos10,13,20.25,1894.5172927164456,159.07067429130063,12.16634124761893,9.295318823467246
replicate_3,pos10,14,21.75,1738.7274976801732,3.2808792550285943,2.297600114236836,8.359096442289038
replicate_3,pos10,15,23.25,1774.9051543998144,39.45853597466965,6.668466822271841,7.498078262562318
replicate_3,pos10,16,24.75,1744.8688524590164,9.422234033871746,3.609085095860791,6.704517970425453
replicate_3,pos10,17,26.25,1683.5289115646258,-51.91770686051882,0.0,5.971276149736312
replicate_3,pos10,18,27.75,1733.9224358974357,-1.524182527708831,0.0,5.2917560509566535
replicate_3,pos10,19,29.25,1605.7988235294115,-129.6477948957329,0.0,4.659844242239895
replicate_3,pos10,20,30.75,1672.6893530997304,-62.75726532541421,0.0,4.069855608778426
replicate_3,pos10,21,32.25,1659.4389305035372,-76.00768792160738,0.0,3.5164822055866534
replicate_3,pos10,22,33.75,1567.8701048951048,-167.57651353003973,0.0,2.9947455035641135
replicate_3,pos10,23,35.25,1580.46113383986,-154.98548458528478,0.0,2.499951599211257
replicate_3,pos10,24,36.75,1560.149604519774,-175.2970139053706,0.0,2.027648985033605
replicate_3,pos10,25,38.25,1524.5263364779871,-210.9202819471573,0.0,1.5735885007076813
replicate_3,pos10,26,39.75,1478.5526315789473,-256.8939868461973,0.0,1.1336851047017669
replicate_3,pos10,27,41.25,1480.6065573770493,-254.84006104809532,0.0,0.7039811224225816
replicate_3,pos10,28,42.75,1539.882420091324,-195.5641983338204,0.0,0.2806106402428656
replicate_3,pos10,29,44.25,1563.878048780488,-171.5685696446567,0.0,-0.14023527492605575
replicate_3,pos10,30,45.75,1517.236111111111,-218.21050731403352,0.0,-0.5623428434254484
replicate_3,pos10,31,47.25,1528.7049261083744,-206.74169231677024,0.0,-0.9895096363007935
replicate_3,pos10,32,48.75,1558.9800347222222,-176.46658370292243,0.0,-1.4255787408721823
replicate_3,pos10,33,50.25,1575.3068181818182,-160.13980024332636,0.0,-1.8744733358005348
replicate_3,pos10,34,51.75,1558.2597402597405,-177.1868781654041,0.0,-2.3402319867108
replicate_3,pos11,0,0.75,2820.4648666232924,1085.0182481981476,28.778244343785314,37.08967105290743
replicate_3,pos11,1,2.25,3016.4594594594596,1281.012841034315,31.171859422280992,34.90482142218777
replicate_3,pos11,2,3.75,2982.2638888888887,1246.817270463744,30.76513640608814,32.8280903663101
replicate_3,pos11,3,5.25,3058.2702702702704,1322.8236518451258,31.66364359493345,30.853045157847568
replicate_3,pos11,4,6.75,2903.2600529100528,1167.8134344849084,29.80863958608235,28.973568043879887
replicate_3,pos11,5,8.25,2713.6684684684687,978.221850043324,27.399969038568457,27.1838372960976
replicate_3,pos11,6,9.75,2597.7981598619895,862.3515414368449,25.82934989966144,25.47830917785009
replicate_3,pos11,7,11.25,2514.053240740741,778.606622315596,24.6348580404639,23.851700772279916
replicate_3,pos11,8,12.75,2509.190476190476,773.7438577653315,24.563742196031487,22.29897361835301
replicate_3,pos11,9,14.25,2412.293103448276,676.8464850231312,23.100504480834203,20.815318104097145
replicate_3,pos11,10,15.75,2332.062448218724,596.6158297935795,21.811742629732517,19.3961385687061
replicate_3,pos11,11,17.25,2228.137330316742,492.6907118915976,20.008710681553787,18.0370390673631
replicate_3,pos11,12,18.75,2158.629310344828,423.18269191968307,18.693729591995954,16.733809754689588
replicate_3,pos11,13,20.25,2204.5526315789475,469.1060131538029,19.573756540436232,15.482413844641759
replicate_3,pos11,14,21.75,2048.35,312.9033815748553,16.353402200256514,14.278975106462811
replicate_3,pos11,15,23.25,1952.131138975967,216.68452055082196,13.919175205870422,13.119765857959273
replicate_3,pos11,16,24.75,1977.976235146967,242.52961672182232,14.62213326425642,12.001195418910333
replicate_3,pos11,17,26.25,1891.7432432432431,156.2966248180985,12.073746601849537,10.919798988844228
replicate_3,pos11,18,27.75,1785.5504009163803,50.103782491235734,7.389088806116913,9.872226914730398
replicate_3,pos11,19,29.25,1781.4061147186148,45.95949629347013,7.1199467482859715,8.855234315343772
replicate_3,pos11,20,30.75,1718.6382978723404,-16.80832055280416,0.0,7.865671030162377
replicate_3,pos11,21,32.25,1666.3877354452056,-69.05888297993909,0.0,6.900471861664772
replicate_3,pos11,22,33.75,1721.1767053701017,-14.269913055042936,0.0,5.9566470808025125
replicate_3,pos11,23,35.25,1650.4804347826089,-84.96618364253584,0.0,5.031273166238157
replicate_3,pos11,24,36.75,1651.3023255813953,-84.14429284374933,0.0,4.121483748663338
replicate_3,pos11,25,38.25,1666.78125,-68.6653684251446,0.0,3.2244607321466976
replicate_3,pos11,26,39.75,1650.7464788732395,-84.70013955190507,0.0,2.3374255650098585
replicate_3,pos11,27,41.25,1676.137254901961,-59.30936352318372,0.0,1.4576306331927003
replicate_3,pos11,28,42.75,1690.9924585218705,-44.45415990327422,0.0,0.5823507494487182
replicate_3,pos11,29,44.25,1647.4053387650088,-88.04127966013596,0.0,-0.29112528799199866
replicate_3,pos11,30,45.75,1593.8592377941695,-141.5873806309752,0.0,-1.1655030934394168
replicate_3,pos11,31,47.25,1594.8311403508771,-140.61547807426746,0.0,-2.0434910744529096
replicate_3,pos11,32,48.75,1598.375,-137.0716184251446,0.0,-2.927808821202769
replicate_3,pos11,33,50.25,1697.6969696969695,-37.74964872817509,0.0,-3.8211955304701393
replicate_3,pos11,34,51.75,1683.1875,-52.25911842514461,0.0,-4.7264184903789275
replicate_3,pos12,0,0.75,2824.551724137931,1089.1051057127866,28.82983792211006,36.33436897706581
replicate_3,pos12,1,2.25,3045.765432098766,1310.3188136736208,31.51717564909805,34.608069574947315
replicate_3,pos12,2,3.75,2950.6666666666665,1215.220048241522,30.385505448485375,32.93407951012197
replicate_3,pos12,3,5.25,2996.2045454545455,1260.757927029401,30.931452656239305,31.309868583361613
replicate_3,pos12,4,6.75,2802.610984848485,1067.1643664233404,28.55190907146968,29.732981835512316
replicate_3,pos12,5,8.25,2942.545342588446,1207.0987241633015,30.28731543864585,28.201035836877487
replicate_3,pos12,6,9.75,2733.2380952380954,997.7914768129506,27.657096717053697,26.711715084716253
replicate_3,pos12,7,11.25,2748.662354312354,1013.2157358872098,27.85825120383457,25.262768503411863
replicate_3,pos12,8,12.75,2559.8703703703704,824.4237519452258,25.295197011402745,23.852006042020374
replicate_3,pos12,9,14.25,2514.8,779.3533815748556,24.645760963917187,22.477295364056683
replicate_3,pos12,10,15.75,2467.8520408163267,732.4054223911819,23.950630666593778,21.136558624514773
replicate_3,pos12,11,17.25,2262.327272727273,526.8806543021283,20.62107556260327,19.827769329250618
replicate_3,pos12,12,18.75,2320.18511198946,584.7384935643151,21.613983578781962,18.548949271980742
replicate_3,pos12,13,20.25,2285.0,549.5533815748554,21.016286663711625,17.298165544266904
replicate_3,pos12,14,21.75,2149.2702702702704,413.8236518451258,18.508479848148617,16.073527613967396
replicate_3,pos12,15,23.25,2004.148936170213,268.7023177450683,15.293947217724842,14.873184467739243
replicate_3,pos12,16,24.75,1959.8524620510923,224.4058436259478,14.133726308635014,13.695321813272162
replicate_3,pos12,17,26.25,1941.4,205.95338157485548,13.613980452118817,12.53815933702557
replicate_3,pos12,18,27.75,1846.904761904762,111.45814347961732,10.428666228124058,11.399948013323772
replicate_3,pos12,19,29.25,1822.9621385083717,87.51552008322699,9.394504174870223,10.278967460742042
replicate_3,pos12,20,30.75,1700.56,-34.88661842514466,0.0,9.17352334178787
replicate_3,pos12,21,32.25,1764.4193548387098,28.972736413565144,5.840482353445906,8.081944801947063
replicate_3,pos12,22,33.75,1715.1600840336134,-20.286534391531177,0.0,7.002581944223804
replicate_3,pos12,23,35.25,1714.7631578947369,-20.68346053040773,0.0,5.933803335357593
replicate_3,pos12,24,36.75,1617.090400745573,-118.3562176795715,0.0,4.8739935399476835
replicate_3,pos12,25,38.25,1649.3369565217392,-86.10966190340537,0.0,3.8215506787579456
replicate_3,pos12,26,39.75,1604.433962264151,-131.01265616099363,0.0,2.774884007511569
replicate_3,pos12,27,41.25,1580.0868506493507,-155.359767775794,0.0,1.7324115125160213
replicate_3,pos12,28,42.75,1563.342803030303,-172.1038153948416,0.0,0.6925575194840828
replicate_3,pos12,29,44.25,1665.9,-69.54661842514452,0.0,-0.34624968806324063
replicate_3,pos12,30,45.75,1626.1447368421052,-109.3018815830394,0.0,-1.3855802444116674
replicate_3,pos12,31,47.25,1692.7790476190476,-42.66757080609693,0.0,-2.4270050748771377
replicate_3,pos12,32,48.75,1658.2520979020978,-77.19452052304666,0.0,-3.4720982702249357
replicate_3,pos12,33,50.25,1699.9811320754718,-35.4654863496728,0.0,-4.522439465873324
replicate_3,pos12,34,51.75,1712.7222222222222,-22.724396202922435,0.0,-5.5796162294777885
replicate_3,pos13,0,0.75,3097.8863636363635,1362.439745211219,32.12433371518763,36.25066805240314
replicate_3,pos13,1,2.25,3230.093023255814,1494.646404830669,33.62826296140461,34.8104573648879
replicate_3,pos13,2,3.75,3277.6853932584268,1542.2387748332822,34.15831384008601,33.38944693099675
replicate_3,pos13,3,5.25,2942.964444444445,1207.5178260193,30.29238882568105,31.986852970141907
replicate_3,pos13,4,6.75,2972.94,1237.4933815748554,30.653502269972478,30.601901859630143
replicate_3,pos13,5,8.25,2775.0095785440612,1039.5629601189166,28.198895536959956,29.23382970795896
replicate_3,pos13,6,9.75,2732.5176158301156,997.0709974049712,27.647668530699598,27.8818819334803
replicate_3,pos13,7,11.25,2697.01394984326,961.5673314181156,27.179405437860723,26.545312848199195
replicate_3,pos13,8,12.75,2695.205194805195,959.75857638005,27.15535277547925,25.223385246477847
replicate_3,pos13,9,14.25,2585.8964237516866,850.4498053265422,25.66288963537505,23.915369998418313
replicate_3,pos13,10,15.75,2380.6071428571427,645.160524431998,22.60080652600169,22.620545647699483
replicate_3,pos13,11,17.25,2326.344827586207,590.8982091610624,21.716785941822998,21.338198013646508
replicate_3,pos13,12,18.75,2343.795918367347,608.3492999422024,22.00523053417628,20.067619797313277
replicate_3,pos13,13,20.25,2203.393800813008,467.9471823878637,19.55210344779909,18.808110191360576
replicate_3,pos13,14,21.75,2106.3333333333335,370.8867149081889,17.629493026445257,17.558974493514803
replicate_3,pos13,15,23.25,2094.2537313432836,358.80711291813896,17.37278422937343,16.319523723394056
replicate_3,pos13,16,24.75,2013.3411458333337,277.89452740818876,15.521513859711929,15.08907424249019
replicate_3,pos13,17,26.25,1952.0588235294117,216.6122051042671,13.91714635942849,13.866947377097269
replicate_3,pos13,18,27.75,1987.71875,252.2721315748554,14.876558238457738,12.652469043978462
replicate_3,pos13,19,29.25,1903.4,167.95338157485548,12.457000462066004,11.444969378564839
replicate_3,pos13,20,30.75,1872.9715198666297,137.524901441485,11.421849514646432,10.24378236548108
replicate_3,pos13,21,32.25,1843.915254237288,108.46863581214348,10.306814278576695,9.048245471194251
replicate_3,pos13,22,33.75,1738.4576320939334,3.0110136687887916,2.214732846132752,7.857699278583034
replicate_3,pos13,23,35.25,1711.4166666666667,-24.029951758477864,0.0,6.67148712322588
replicate_3,pos13,24,36.75,1683.128205128205,-52.318413296939525,0.0,5.488954731207456
replicate_3,pos13,25,38.25,1679.5184439973173,-55.928174427827344,0.0,4.309449858243593
replicate_3,pos13,26,39.75,1698.451612903226,-36.99500552191853,0.0,3.132321929925737
replicate_3,pos13,27,41.25,1654.7575757575758,-80.68904266756886,0.0,1.9569216828864222
replicate_3,pos13,28,42.75,1650.108695652174,-85.33792277297061,0.0,0.7826008066878871
replicate_3,pos13,29,44.25,1686.41637207247,-49.03024635267445,0.0,-0.3912884137637181
replicate_3,pos13,30,45.75,1692.918918918919,-42.527699506225645,0.0,-1.5653934554757472
replicate_3,pos13,31,47.25,1695.84126984127,-39.6053485838745,0.0,-2.7403619144951543
replicate_3,pos13,32,48.75,1860.8474576271187,125.40083920197412,10.97424390725377,-3.916841863100249
replicate_3,pos13,33,50.25,1785.8406193078326,50.39400088268792,7.407456415127524,-5.095482207255124
replicate_3,pos13,34,51.75,1815.3561403508777,79.90952192573275,9.03330554301595,-6.276933044523913
replicate_3,pos14,0,0.75,2707.6027397260273,972.1561213008828,27.319825687501172,35.06550141721196
replicate_3,pos14,1,2.25,2974.7391304347825,1239.292512009638,30.67506818194277,33.34060831678865
replicate_3,pos14,2,3.75,2967.721767594108,1232.2751491689633,30.59088374594459,31.67343581861206
replicate_3,pos14,3,5.25,2844.4601653892696,1109.0135469641252,29.08004424869237,30.061097646591215
replicate_3,pos14,4,6.75,2840.8714285714286,1105.424810146284,29.03507765859065,28.500802456026275
replicate_3,pos14,5,8.25,2753.4313725490197,1017.9847541238752,27.92018360044059,26.989849001120323
replicate_3,pos14,6,9.75,2546.4500918554804,811.003473430336,25.103548203468584,25.525621458474006
replicate_3,pos14,7,11.25,2549.7708333333335,814.3242149081889,25.15110330585551,24.10558489846681
replicate_3,pos14,8,12.75,2409.06779661017,673.6211781850252,23.050157979822966,22.72728089668498
replicate_3,pos14,9,14.25,2394.897891963109,659.4512735379647,22.82759506377412,21.388323277798232
replicate_3,pos14,10,15.75,2322.036519607843,586.5899011826984,21.644937996502627,20.086393984517063
replicate_3,pos14,11,17.25,2288.6875,553.2408815748554,21.079794631829728,18.819239064478737
replicate_3,pos14,12,18.75,2264.2006715386133,528.7540531134687,20.654047213727353,17.584664768114276
replicate_3,pos14,13,20.25,2213.357643758766,477.9110253336212,19.737404293965874,16.380533750740955
replicate_3,pos14,14,21.75,2123.315789473684,387.8691710485395,17.9831432472993,15.204761372305237
replicate_3,pos14,15,23.25,2101.2761258911496,365.829507466005,17.522558820815032,14.055312088370025
replicate_3,pos14,16,24.75,2046.8,311.35338157485535,16.31764900720711,12.930195926098287
replicate_3,pos14,17,26.25,1864.8954545454544,129.44883612031003,11.126257550932252,11.827465039131997
replicate_3,pos14,18,27.75,1823.0666666666664,87.62004824152177,9.399342873873488,10.745210335402211
replicate_3,pos14,19,29.25,1778.1479500891264,42.70133166398193,6.898544634571937,9.681558172032036
replicate_3,pos14,20,30.75,1754.7619047619048,19.31528633676021,4.908448946172007,8.634667111610757
replicate_3,pos14,21,32.25,1682.8857142857144,-52.56090413943025,0.0,7.60272473422329
replicate_3,pos14,22,33.75,1635.2064102564104,-100.24020816873428,0.0,6.583944499715941
replicate_3,pos14,23,35.25,1646.013840018766,-89.43277840637847,0.0,5.576562654766206
replicate_3,pos14,24,36.75,1619.0431547619048,-116.4034636632398,0.0,4.578835179402093
replicate_3,pos14,25,38.25,1642.3259923175417,-93.12062610760302,0.0,3.5890347676845833
replicate_3,pos14,26,39.75,1647.1764705882354,-88.27014783690925,0.0,2.6054478373261056
replicate_3,pos14,27,41.25,1657.0409450766947,-78.40567334844991,0.0,1.6263715630679612
replicate_3,pos14,28,42.75,1657.907738095238,-77.53888032990665,0.0,0.6501109286807294
replicate_3,pos14,29,44.25,1638.5501792114696,-96.89643921367508,0.0,-0.3250242075160048
replicate_3,pos14,30,45.75,1695.30888030888,-40.13773811626447,0.0,-1.300722038694916
replicate_3,pos14,31,47.25,1660.1315789473683,-75.31503947777628,0.0,-2.278671732188867
replicate_3,pos14,32,48.75,1708.75,-26.696618425144607,0.0,-3.2605663538453413
replicate_3,pos14,33,50.25,1845.4834307992203,110.03681237407568,10.370963088955074,-4.2481057991301405
replicate_3,pos14,34,51.75,1912.566591017678,177.11997259253337,12.748225291039384,-5.2429997360547995
replicate_3,pos15,0,0.75,2679.0,943.5533815748554,26.938978031643007,36.520150418525496
replicate_3,pos15,1,2.25,3054.4823529411765,1319.035734516032,31.61933049386782,34.338396985329226
replicate_3,pos15,2,3.75,2894.714285714286,1159.2676672891412,29.703675736408897,32.269888843962796
replicate_3,pos15,3,5.25,2809.686111111111,1074.2394926859663,28.641786251416974,30.307804219716633
replicate_3,pos15,4,6.75,2787.1136363636365,1051.667017938492,28.35417640770537,28.445672314144264
replicate_3,pos15,5,8.25,2755.1290322580644,1019.6824138329198,27.942200565962843,26.677351964885574
replicate_3,pos15,6,9.75,2597.1180613090305,861.6714428838859,25.81986567425219,24.997011392603707
replicate_3,pos15,7,11.25,2539.213333333333,803.7667149081885,24.999605523721637,23.39910896824233
replicate_3,pos15,8,12.75,2487.2954545454545,751.8488361203099,24.240951436017422,21.878374937175458
replicate_3,pos15,9,14.25,2494.775238095238,759.3286196700935,24.351706040057213,20.4297940399774
replicate_3,pos15,10,15.75,2308.2310606060605,572.7844421809159,21.41295256586474,19.04858897249757
replicate_3,pos15,11,17.25,2249.0454545454545,513.5988361203099,20.38562105231375,17.730204630692814
replicate_3,pos15,12,18.75,2185.2608695652175,449.8142511400729,19.209671955372336,16.470293088257907
replicate_3,pos15,13,20.25,2071.098765432099,335.65214700695424,16.867749530802847,15.264699257511749
replicate_3,pos15,14,21.75,2103.448275862069,368.00165743692423,17.56858250806204,14.109447186249877
replicate_3,pos15,15,23.25,1937.6458333333337,202.19921490818888,13.505176231758135,13.000726945371559
replicate_3,pos15,16,24.75,1940.004029850746,204.55741142560157,13.573649161984411,11.934882064037769
replicate_3,pos15,17,26.25,1895.66,160.21338157485548,12.204224835934184,10.908397470922267
replicate_3,pos15,18,27.75,1849.8761026463512,114.42948422120662,10.547986550571387,9.91788790178701
replicate_3,pos15,19,29.25,1778.6851851851852,43.23856676004061,6.935694245880714,8.96008673515095
replicate_3,pos15,20,30.75,1735.4,-0.0466184251445156,0.0,8.031835219233193
replicate_3,pos15,21,32.25,1678.9212962962963,-56.5253221288483,0.0,7.130072054641789
replicate_3,pos15,22,33.75,1692.5807748538014,-42.86584357134325,0.0,6.251823298452752
replicate_3,pos15,23,35.25,1690.7796610169491,-44.66695740819546,0.0,5.39419255638372
replicate_3,pos15,24,36.75,1661.659574468085,-73.7870439570595,0.0,4.554351430716845
replicate_3,pos15,25,38.25,1632.2512677484788,-103.19535067666595,0.0,3.729530192468927
replicate_3,pos15,26,39.75,1683.6753246753246,-51.77129374981996,0.0,2.9170086470463565
replicate_3,pos15,27,41.25,1648.4794520547946,-86.96716637035001,0.0,2.1141071632605017
replicate_3,pos15,28,42.75,1619.3934782608696,-116.05314016427496,0.0,1.3181778361179892
replicate_3,pos15,29,44.25,1621.4558823529412,-113.9907360722034,0.0,0.526595754241427
replicate_3,pos15,30,45.75,1608.0162337662337,-127.43038465891084,0.0,-0.26324965687875407
replicate_3,pos15,31,47.25,1626.3617021276596,-109.08491629748504,0.0,-1.0539632443506173
replicate_3,pos15,32,48.75,1685.5632183908046,-49.88340003434007,0.0,-1.8481527184585225
replicate_3,pos15,33,50.25,1727.178571428571,-8.268046996573503,0.0,-2.648437252683455
replicate_3,pos15,34,51.75,1769.67124382447,34.22462539932519,6.273264916419272,-3.4574561215280637
replicate_3,pos15,35,53.25,1816.8020833333333,81.35546490818865,9.103410401552377,-4.277877404633261
replicate_3,pos16,0,0.75,2982.505042290176,1247.058423865031,30.768019460352455,35.48875109447838
replicate_3,pos16,1,2.25,3209.1023474178405,1473.655728992696,33.3926770023889,34.31075107519564
replicate_3,pos16,2,3.75,3160.9180327868853,1425.4714143617407,32.84746456946784,33.132751055990106
replicate_3,pos16,3,5.25,3102.662162162162,1367.2155437370177,32.179538567348246,31.954751036859122
replicate_3,pos16,4,6.75,2886.0692618806875,1150.6226434555429,29.597179054082773,30.776751017800024
replicate_3,pos16,5,8.25,2937.3480419194707,1201.901423494326,30.22434294797376,29.598750998810182
replicate_3,pos16,6,9.75,2739.5211178151794,1004.0744993900348,27.739194186452362,28.420750979886936
replicate_3,pos16,7,11.25,2718.723245614035,983.2766271888904,27.466592910164277,27.24275096102764
replicate_3,pos16,8,12.75,2623.030027453672,887.5834090285273,26.17889651345441,26.064750942229644
replicate_3,pos16,9,14.25,2506.829326923077,771.3827084979323,24.529137223242557,24.886750923490286
replicate_3,pos16,10,15.75,2502.400742115028,766.9541236898833,24.46410003856499,23.708750904806926
replicate_3,pos16,11,17.25,2376.392857142857,640.9462387177125,22.53346851895023,22.53075088617691
replicate_3,pos16,12,18.75,2302.2063492063494,566.7597307812048,21.310854756093697,21.35275086759759
replicate_3,pos16,13,20.25,2276.2291666666665,540.7825482415219,20.86437846275206,20.17475084906631
replicate_3,pos16,14,21.75,2213.974358974359,478.5277405492143,19.748809065330633,18.996750830580428
replicate_3,pos16,15,23.25,2107.6463693539163,372.1997509287719,17.65713267086941,17.81875081213728
replicate_3,pos16,16,24.75,2094.8902243589746,359.44360593382976,17.38642214689696,16.64075079373423
replicate_3,pos16,17,26.25,2056.36,320.9133815748555,16.536690688465253,15.462750775368622
replicate_3,pos16,18,27.75,1940.5963718820865,205.1497534569415,13.59078088416902,14.28475075703781
replicate_3,pos16,19,29.25,1959.2454545454543,223.79883612030991,14.117005799246959,13.106750738739134
replicate_3,pos16,20,30.75,1989.203014184397,253.75639575925257,14.91485267122181,11.928750720469948
replicate_3,pos16,21,32.25,1794.6349206349207,59.18830220977611,7.9379818470168635,10.750750702227602
replicate_3,pos16,22,33.75,1818.897733792312,83.4511153671674,9.203785674705275,9.572750684009444
replicate_3,pos16,23,35.25,1785.3,49.85338157485535,7.373192800275668,8.394750665812827
replicate_3,pos16,24,36.75,1766.063197767145,30.61657934200059,5.98041464718433,7.216750647635095
replicate_3,pos16,25,38.25,1869.605769230769,134.15915080562456,11.299860964119473,6.038750629473604
replicate_3,pos16,26,39.75,1714.9791666666667,-20.467451758477864,0.0,4.8607506113257
replicate_3,pos16,27,41.25,1770.5547297297298,35.10811130458512,6.342268424590745,3.682750593188732
replicate_3,pos16,28,42.75,1702.0602836879432,-33.38633473720142,0.0,2.5047505750600494
replicate_3,pos16,29,44.25,1663.078947368421,-72.36767105672357,0.0,1.3267505569370028
replicate_3,pos16,30,45.75,1652.148148148148,-83.29847027699657,0.0,0.1487505388169418
replicate_3,pos16,31,47.25,1714.6406482307464,-20.80597019439824,0.0,-1.0292494793027847
replicate_3,pos16,32,48.75,1696.138888888889,-39.30772953625569,0.0,-2.2072494974248267
replicate_3,pos16,33,50.25,1706.7534246575342,-28.69319376761041,0.0,-3.3852495155518354
replicate_3,pos16,34,51.75,1696.3066666666666,-39.13995175847799,0.0,-4.56324953368646
replicate_3,pos17,0,0.75,2709.019077901431,973.5724594762862,27.338558160894088,36.12588341918654
replicate_3,pos17,1,2.25,2948.6096969696973,1213.1630785445525,30.360660071159355,32.8609820966396
replicate_3,pos17,2,3.75,2787.551724137931,1052.1051057127866,28.35978256404378,29.88519779035213
replicate_3,pos17,3,5.25,2670.105254237288,934.6586358121436,26.819529641224428,27.172348997983896
replicate_3,pos17,4,6.75,2454.6666666666665,719.2200482415219,23.75170227896815,24.698567572621126
replicate_3,pos17,5,8.25,2420.2713032581455,684.8246848330009,23.22455541172516,22.442088726392452
replicate_3,pos17,6,9.75,2343.782962962963,608.3363445378184,22.00501790199549,20.38305953982773
replicate_3,pos17,7,11.25,2256.186046511628,520.7394280864833,20.51257902470121,18.50336429218983
replicate_3,pos17,8,12.75,2211.5,476.0533815748554,19.703006319859334,16.78646507600306
replicate_3,pos17,9,14.25,2165.0232558139537,429.5766373888091,18.819082699052082,15.217256293475424
replicate_3,pos17,10,15.75,2075.8772727272726,340.430654302128,16.973435074887192,13.7819317546471
replicate_3,pos17,11,17.25,1950.967741935484,215.5211235103393,13.886490798342987,12.467863207970103
replicate_3,pos17,12,18.75,1899.9742424242424,164.52762399909773,12.345928518222221,11.263489234608617
replicate_3,pos17,13,20.25,1869.875,134.4283815748554,11.309680914620513,10.158213528931393
replicate_3,pos17,14,21.75,1847.0615384615385,111.61492003639388,10.435005873102075,9.14231167024919
replicate_3,pos17,15,23.25,1789.9,54.45338157485549,7.658345823629121,8.206845565557638
replicate_3,pos17,16,24.75,1773.8974358974358,38.45081747229119,6.59479857566442,7.343584810536961
replicate_3,pos17,17,26.25,1784.581818181818,49.1351997566735,7.3273489806902505,6.544934276928014
replicate_3,pos17,18,27.75,1691.281038961039,-44.165579464105576,0.0,5.8038672891849465
replicate_3,pos17,19,29.25,1634.1014285714286,-101.34518985371608,0.0,5.113863802480293
replicate_3,pos17,20,30.75,1583.0980392156862,-152.3485792094583,0.0,4.468853038141096
replicate_3,pos17,21,32.25,1497.5897832817336,-237.85683514341088,0.0,3.863160071812006
replicate_3,pos17,22,33.75,1478.6847826086955,-256.7618358164491,0.0,3.2914559044180884
replicate_3,pos17,23,35.25,1493.241935483871,-242.20468294127363,0.0,2.7487105766424254
replicate_3,pos17,24,36.75,1497.9708316909737,-237.47578673417092,0.0,2.2301489144109814
replicate_3,pos17,25,38.25,1501.322033898305,-234.1245845268395,0.0,1.731208516025292
replicate_3,pos17,26,39.75,1509.9841954022988,-225.46242302284577,0.0,1.2474996113059886
replicate_3,pos17,27,41.25,1524.9166666666667,-210.52995175847784,0.0,0.7747664395804511
replicate_3,pos17,28,42.75,1536.874047564073,-198.5725708610715,0.0,0.30884980671095624
replicate_3,pos17,29,44.25,1525.4035604508194,-210.04305797432505,0.0,-0.15434950826688273
replicate_3,pos17,30,45.75,1536.9402985074628,-198.50631991768185,0.0,-0.6189068188505744
replicate_3,pos17,31,47.25,1504.8320346320347,-230.61458379311,0.0,-1.088909386434878
replicate_3,pos17,32,48.75,1545.8642533936652,-189.5823650314794,0.0,-1.5684923807957496
replicate_3,pos17,33,50.25,1559.9038303468683,-175.54278807827632,0.0,-2.061875262081113
replicate_3,pos17,34,51.75,1534.275,-201.17161842514452,0.0,-2.5733989044039576
replicate_3,pos18,0,0.75,2731.923076923077,996.4764584979324,27.639886221076985,35.37171378556585
replicate_3,pos18,1,2.25,2912.139528508772,1176.692910083627,29.917380200006555,32.93565286880888
replicate_3,pos18,2,3.75,2985.686046511628,1250.2394280864833,30.806029279198942,30.653689693669506
replicate_3,pos18,3,5.25,2815.7428571428572,1080.2962387177126,28.718533043132815,28.515147521078845
replicate_3,pos18,4,6.75,2562.6470588235293,827.2004403983847,25.334672715890342,26.510020643226504
replicate_3,pos18,5,8.25,2458.0590327169275,722.6124142917829,23.80304500097228,24.628927569338202
replicate_3,pos18,6,9.75,2418.34826974268,682.901651317535,23.194717680677325,22.863067132009917
replicate_3,pos18,7,11.25,2330.277777777778,594.8311593526332,21.78215115498335,21.20417730873103
replicate_3,pos18,8,12.75,2240.056739811912,504.6101213867675,20.224542573029364,19.6444965659325
replicate_3,pos18,9,14.25,2294.694382647386,559.2477642222414,21.18280219229331,18.17672754469853
replicate_3,pos18,10,15.75,2156.625,421.1783815748554,18.654235429974907,16.794002918236192
replicate_3,pos18,11,17.25,2217.1666666666665,481.7200482415219,19.807725399144804,15.489853261358576
replicate_3,pos18,12,18.75,2075.260348583878,339.8137301587333,16.959834656133754,14.258176781650738
replicate_3,pos18,13,20.25,2077.781539030707,342.33492060556205,17.015334217360284,13.0932107706981
replicate_3,pos18,14,21.75,1977.7608695652175,242.31425114007277,14.616447405667648,11.98950464180472
replicate_3,pos18,15,23.25,1920.462962962963,185.01634453781844,12.992537604681676,10.941894428051544
replicate_3,pos18,16,24.75,1909.0263986013983,173.5797801762537,12.63675562177702,9.945478621377442
replicate_3,pos18,17,26.25,1845.5409836065571,110.09436518141251,10.373307656182973,8.995595239640082
replicate_3,pos18,18,27.75,1741.7837837837835,6.337165358638913,3.0454117419910833,8.087800014359079
replicate_3,pos18,19,29.25,1694.840909090909,-40.6057093342356,0.0,7.2178455970873125
replicate_3,pos18,20,30.75,1639.1639344262296,-96.282683998915,0.0,6.381661687122204
replicate_3,pos18,21,32.25,1587.4719101123596,-147.97470831278497,0.0,5.575335987579408
replicate_3,pos18,22,33.75,1546.8383940620784,-188.60822436306637,0.0,4.795095900727139
replicate_3,pos18,23,35.25,1532.6363636363635,-202.8102547887811,0.0,4.037290876938145
replicate_3,pos18,24,36.75,1533.24,-202.2066184251446,0.0,3.298375334674463
replicate_3,pos18,25,38.25,1542.418548387097,-193.02807003804776,0.0,2.5748920715918002
replicate_3,pos18,26,39.75,1556.1968177855276,-179.24980063961698,0.0,1.8634560891482015
replicate_3,pos18,27,41.25,1589.6875,-145.7591184251446,0.0,1.1607387550364006
replicate_3,pos18,28,42.75,1530.5459494773518,-204.90066894779272,0.0,0.46345222933977254
replicate_3,pos18,29,44.25,1487.4948979591836,-247.951720465961,0.0,-0.23166591845424128
replicate_3,pos18,30,45.75,1511.294251447477,-224.15236697766736,0.0,-0.9278679735564164
replicate_3,pos18,31,47.25,1520.4242424242425,-215.0223760009021,0.0,-1.6284112925106815
replicate_3,pos18,32,48.75,1660.7418935321657,-74.70472489297879,0.0,-2.336573543556563
replicate_3,pos18,33,50.25,1655.9714285714283,-79.4751898537163,0.0,-3.055668042025008
replicate_3,pos18,34,51.75,1618.5384615384614,-116.90815688668316,0.0,-3.789059252518101
replicate_3,pos19,0,0.75,3016.458333333333,1281.0117149081889,31.171846096359427,35.25567879253394
replicate_3,pos19,1,2.25,3282.3617021276596,1546.915083702515,34.210099147488215,34.09625822699831
replicate_3,pos19,2,3.75,3101.375,1365.9283815748554,32.16466677093958,32.9368376615394
replicate_3,pos19,3,5.25,2965.8253968253966,1230.378778400252,30.56810209589458,31.77741709615459
replicate_3,pos19,4,6.75,2883.775,1148.3283815748557,29.568862862412892,30.617996530841292
replicate_3,pos19,5,8.25,2838.017857142857,1102.5712387177125,28.99928022970206,29.458575965596875
replicate_3,pos19,6,9.75,2821.1521739130435,1085.705555487899,28.786926660278077,28.29915540041874
replicate_3,pos19,7,11.25,2739.391304347826,1003.9446859226814,27.73750017873694,27.139734835304278
replicate_3,pos19,8,12.75,2566.96316262354,831.5165441983954,25.39591533824358,25.980314270250883
replicate_3,pos19,9,14.25,2495.346153846154,759.8995354210092,24.360138907705835,24.820893705255948
replicate_3,pos19,10,15.75,2393.480769230769,658.0341508056244,22.805211678572597,23.66147314031685
replicate_3,pos19,11,17.25,2414.2595652173914,678.8129467922467,23.131144667354903,22.502052575430998
replicate_3,pos19,12,18.75,2303.0118827160495,567.5652642909049,21.324536531052313,21.342632010595775
replicate_3,pos19,13,20.25,2302.1391990758566,566.692580650712,21.309713796962804,20.18321144580857
replicate_3,pos19,14,21.75,2340.1916666666666,604.745048241522,21.945990215871053,19.02379088106678
replicate_3,pos19,15,23.25,2193.2251984126983,457.7785799875537,19.360921967888384,17.86437031636779
replicate_3,pos19,16,24.75,2073.1891093786912,337.7424909535466,16.914077985328436,16.704949751708998
replicate_3,pos19,17,26.25,2003.7025691699605,268.2559507448158,15.282791529970229,15.545529187087789
replicate_3,pos19,18,27.75,2008.2615207373271,272.8149023121829,15.396266598315998,14.38610862250156
replicate_3,pos19,19,29.25,1913.530612244898,178.08399381975346,12.778367326334743,13.2266880579477
replicate_3,pos19,20,30.75,1888.1777777777777,152.73115935263309,11.953395442739618,12.067267493423603
replicate_3,pos19,21,32.25,1859.75,124.3033815748554,10.932563476927424,10.90784692892665
replicate_3,pos19,22,33.75,1832.858173076923,97.4115546517786,9.839042692701435,9.748426364454245
replicate_3,pos19,23,35.25,1818.764705882353,83.31808745720832,9.197456367547227,8.58900580000377
replicate_3,pos19,24,36.75,1857.4044943820224,121.95787595687784,10.842792868689989,7.429585235572624
replicate_3,pos19,25,38.25,1759.3930555555555,23.946437130410914,5.382185010915342,6.270164671158193
replicate_3,pos19,26,39.75,1727.644927536232,-7.801690888912731,0.0,5.11074410675787
replicate_3,pos19,27,41.25,1739.5592760180996,4.1126575929549745,2.5308870460193233,3.9513235423690456
replicate_3,pos19,28,42.75,1745.529926595144,10.083308169999327,3.7154194600621313,2.791902977989112
replicate_3,pos19,29,44.25,1804.4310344827584,68.98441605761377,8.478890654855325,1.6324824136154608
replicate_3,pos19,30,45.75,1758.4468085106382,23.000190085493617,5.289943428688285,0.47306184924548217
replicate_3,pos19,31,47.25,1704.8877306903623,-30.558887734782388,0.0,-0.686358715123432
replicate_3,pos19,32,48.75,1702.2991309223437,-33.147487502800914,0.0,-1.8457792794938908
replicate_3,pos19,33,50.25,1742.70507518797,7.2584567628254035,3.2276190672986367,-3.0051998438685015
replicate_3,pos19,34,51.75,1670.6009642654567,-64.84565415968802,0.0,-4.164620408249876
replicate_3,pos20,0,0.75,2995.7844632768365,1260.3378448516917,30.926451229674033,35.48201127316715
replicate_3,pos20,1,2.25,3254.101694915254,1518.6550764901094,33.89635026292657,34.27830200154117
replicate_3,pos20,2,3.75,3169.7261235955057,1434.279505170361,32.94760306795119,33.074592729992304
replicate_3,pos20,3,5.25,3095.5227272727275,1360.0761088475829,32.09698579262577,31.870883458517863
replicate_3,pos20,4,6.75,2961.5593434343436,1226.1127250091988,30.516803177670774,30.66717418711513
replicate_3,pos20,5,8.25,2920.4927536231885,1185.046135198044,30.019380741661227,29.463464915781397
replicate_3,pos20,6,9.75,2795.205708245243,1059.7590898200986,28.457573747248347,28.259755644513955
replicate_3,pos20,7,11.25,2534.723404255319,799.2767858301745,24.934901594292302,27.056046373310103
replicate_3,pos20,8,12.75,2525.0221878224975,789.5755693973529,24.79452902416657,25.85233710216712
replicate_3,pos20,9,14.25,2517.2608695652175,781.8142511400729,24.681656521235567,24.648627831082308
replicate_3,pos20,10,15.75,2358.0599206349207,622.6133022097761,22.23802314754589,23.44491856005296
replicate_3,pos20,11,17.25,2359.8076923076924,624.3610738825478,22.266368901083926,22.24120928907636
replicate_3,pos20,12,18.75,2417.7852526439483,682.3386342188037,23.18597438428224,21.0375000181498
replicate_3,pos20,13,20.25,2334.2368421052633,598.7902236801187,21.847737827247563,19.833790747270573
replicate_3,pos20,14,21.75,2190.2580645161293,454.81144609098465,19.30473095744998,18.63008147643598
replicate_3,pos20,15,23.25,2195.9108658743635,460.46424744921865,19.41162328336379,17.4263722056433
replicate_3,pos20,16,24.75,2119.6285162713734,384.1818978462288,17.907052053020028,16.222662934889826
replicate_3,pos20,17,26.25,1955.962962962963,220.51634453781844,14.026158385225,15.018953664172857
replicate_3,pos20,18,27.75,1995.8947368421052,260.4481184169606,15.0860249075996,13.815244393489683
replicate_3,pos20,19,29.25,1879.5956918800875,144.14907345494282,11.657200242513175,12.611535122837589
replicate_3,pos20,20,30.75,1889.6831485587584,154.23653013361377,12.004395640342505,11.407825852213874
replicate_3,pos20,21,32.25,1823.8026315789473,88.35601315380268,9.433320145223352,10.204116581615821
replicate_3,pos20,22,33.75,1764.2857142857142,28.839095860569618,5.828910043133998,9.000407311040734
replicate_3,pos20,23,35.25,1755.6944444444443,20.247826019299737,5.008657376014747,7.796698040485894
replicate_3,pos20,24,36.75,1780.6120533695162,45.16543494437144,7.066828903145192,6.592988769948597
replicate_3,pos20,25,38.25,1778.5666666666666,43.120048241522,6.927521308263713,5.389279499426135
replicate_3,pos20,26,39.75,1728.341463414634,-7.105155010510543,0.0,4.1855702289157986
replicate_3,pos20,27,41.25,1766.1541028980787,30.7074844729342,5.988026962748567,2.98186095841488
replicate_3,pos20,28,42.75,1742.8551020408163,7.408483615671798,3.256013229836995,1.7781516879206707
replicate_3,pos20,29,44.25,1686.15625,-49.29036842514461,0.0,0.574442417430462
replicate_3,pos20,30,45.75,1724.962638076673,-10.483980348471391,0.0,-0.6292668530584542
replicate_3,pos20,31,47.25,1699.6666666666667,-35.779951758477864,0.0,-1.8329761235487865
replicate_3,pos20,32,48.75,1719.9110389610391,-15.53557946410558,0.0,-3.0366853940432423
replicate_3,pos20,33,50.25,1851.7671232876712,116.3205048625266,10.623028194371871,-4.240394664544532
replicate_3,pos20,34,51.75,1884.4714285714283,149.02481014628393,11.826634919084228,-5.444103935055361
