replicate,pos,y_bin,y_um,median_intensity
replicate_2,pos0,0,1.1311055194805195,2971.7640765765764
replicate_2,pos0,1,2.9104594155844157,3032.0227272727275
replicate_2,pos0,2,4.689813311688312,2990.086956521739
replicate_2,pos0,3,6.469167207792207,2848.141176470588
replicate_2,pos0,4,8.248521103896104,2958.204081632653
replicate_2,pos0,5,10.027875,2763.46057448606
replicate_2,pos0,6,11.807228896103897,2629.5808429118774
replicate_2,pos0,7,13.586582792207793,2495.5699999999997
replicate_2,pos0,8,15.365936688311688,2448.16777154513
replicate_2,pos0,9,17.145290584415584,2259.7837837837837
replicate_2,pos0,10,18.924644480519483,2318.2259963768115
replicate_2,pos0,11,20.703998376623375,2257.3823529411766
replicate_2,pos0,12,22.483352272727274,2073.457532051282
replicate_2,pos0,13,24.26270616883117,1927.530303030303
replicate_2,pos0,14,26.042060064935065,1963.8666666666663
replicate_2,pos0,15,27.821413961038964,1917.2355833111878
replicate_2,pos0,16,29.600767857142856,1755.5
replicate_2,pos0,17,31.380121753246755,1695.4931506849316
replicate_2,pos0,18,33.159475649350654,1692.548387096774
replicate_2,pos0,19,34.938829545454546,1720.4493006993007
replicate_2,pos0,20,36.71818344155844,1690.513888888889
replicate_2,pos0,21,38.49753733766234,1723.9938574938574
replicate_2,pos0,22,40.276891233766236,1653.3636363636365
replicate_2,pos0,23,42.056245129870135,1687.7457627118645
replicate_2,pos0,24,43.83559902597403,1723.8115942028985
replicate_2,pos0,25,45.61495292207792,1719.0166666666669
replicate_2,pos0,26,47.39430681818182,1688.6610169491526
replicate_2,pos0,27,49.17366071428572,1722.6975308641977
replicate_2,pos0,28,50.953014610389616,1745.378664223851
replicate_2,pos0,29,52.73236850649351,2118.1403508771928
replicate_2,pos1,0,1.1311055194805195,2276.525641025641
replicate_2,pos1,1,2.9104594155844157,2337.1923076923076
replicate_2,pos1,2,4.689813311688312,2221.2926829268295
replicate_2,pos1,3,6.469167207792207,2244.4616883116887
replicate_2,pos1,4,8.248521103896104,2025.1492537313432
replicate_2,pos1,5,10.027875,2024.3636363636363
replicate_2,pos1,6,11.807228896103897,1975.9609375
replicate_2,pos1,7,13.586582792207793,1880.9978813559323
replicate_2,pos1,8,15.365936688311688,1917.9760273972604
replicate_2,pos1,9,17.145290584415584,1781.2549019607843
replicate_2,pos1,10,18.924644480519483,1697.5975609756097
replicate_2,pos1,11,20.703998376623375,1682.40625
replicate_2,pos1,12,22.483352272727274,1613.5272727272727
replicate_2,pos1,13,24.26270616883117,1540.8095238095239
replicate_2,pos1,14,26.042060064935065,1534.7105263157894
replicate_2,pos1,15,27.821413961038964,1529.546875
replicate_2,pos1,16,29.600767857142856,1440.537037037037
replicate_2,pos1,17,31.380121753246755,1464.6954787234042
replicate_2,pos1,18,33.159475649350654,1460.7360482654599
replicate_2,pos1,19,34.938829545454546,1461.863315696649
replicate_2,pos1,20,36.71818344155844,1416.8072289156626
replicate_2,pos1,21,38.49753733766234,1339.5641252085172
replicate_2,pos1,22,40.276891233766236,1325.475
replicate_2,pos1,23,42.056245129870135,1352.725
replicate_2,pos1,24,43.83559902597403,1457.4252489331438
replicate_2,pos1,25,45.61495292207792,1391.5897064153678
replicate_2,pos1,26,47.39430681818182,1380.4608450704227
replicate_2,pos1,27,49.17366071428572,1336.157894736842
replicate_2,pos1,28,50.953014610389616,1355.5142857142855
replicate_2,pos1,29,52.73236850649351,1470.3009012016023
replicate_2,pos2,0,1.1311055194805195,3034.74
replicate_2,pos2,1,2.9104594155844157,3063.0731707317073
replicate_2,pos2,2,4.689813311688312,2872.3152173913045
replicate_2,pos2,3,6.469167207792207,2778.3230994152045
replicate_2,pos2,4,8.248521103896104,2704.396551724138
replicate_2,pos2,5,10.027875,2633.43661971831
replicate_2,pos2,6,11.807228896103897,2562.2
replicate_2,pos2,7,13.586582792207793,2462.8275862068967
replicate_2,pos2,8,15.365936688311688,2422.948916408669
replicate_2,pos2,9,17.145290584415584,2253.657746010638
replicate_2,pos2,10,18.924644480519483,2240.4814814814813
replicate_2,pos2,11,20.703998376623375,2124.5375386996902
replicate_2,pos2,12,22.483352272727274,2163.6974085365855
replicate_2,pos2,13,24.26270616883117,2220.1162790697676
replicate_2,pos2,14,26.042060064935065,2020.947275759822
replicate_2,pos2,15,27.821413961038964,1964.5333333333333
replicate_2,pos2,16,29.600767857142856,1927.3809523809523
replicate_2,pos2,17,31.380121753246755,1887.821428571429
replicate_2,pos2,18,33.159475649350654,1802.5197115384617
replicate_2,pos2,19,34.938829545454546,1808.5116279069769
replicate_2,pos2,20,36.71818344155844,1822.9019607843136
replicate_2,pos2,21,38.49753733766234,1791.1153846153843
replicate_2,pos2,22,40.276891233766236,1729.326923076923
replicate_2,pos2,23,42.056245129870135,1734.7272727272727
replicate_2,pos2,24,43.83559902597403,1666.228987993139
replicate_2,pos2,25,45.61495292207792,1713.8472222222222
replicate_2,pos2,26,47.39430681818182,1715.3720930232555
replicate_2,pos2,27,49.17366071428572,1674.4146341463415
replicate_2,pos2,28,50.953014610389616,1664.3208069620255
replicate_2,pos3,0,1.1311055194805195,3293.5714285714284
replicate_2,pos3,1,2.9104594155844157,3349.9474340698503
replicate_2,pos3,2,4.689813311688312,3330.371787025704
replicate_2,pos3,3,6.469167207792207,3254.116666666667
replicate_2,pos3,4,8.248521103896104,3055.203024453024
replicate_2,pos3,5,10.027875,3103.5497835497836
replicate_2,pos3,6,11.807228896103897,3062.7613095238094
replicate_2,pos3,7,13.586582792207793,2878.2597402597403
replicate_2,pos3,8,15.365936688311688,2655.318112633181
replicate_2,pos3,9,17.145290584415584,2533.0804597701153
replicate_2,pos3,10,18.924644480519483,2512.1585213032586
replicate_2,pos3,11,20.703998376623375,2448.4102564102564
replicate_2,pos3,12,22.483352272727274,2385.855010660981
replicate_2,pos3,13,24.26270616883117,2251.7657828282827
replicate_2,pos3,14,26.042060064935065,2137.7073412698414
replicate_2,pos3,15,27.821413961038964,2058.1149380804954
replicate_2,pos3,16,29.600767857142856,2035.9128039513678
replicate_2,pos3,17,31.380121753246755,1874.33988380041
replicate_2,pos3,18,33.159475649350654,1862.6939964157705
replicate_2,pos3,19,34.938829545454546,1808.8737244897961
replicate_2,pos3,20,36.71818344155844,1799.595744680851
replicate_2,pos3,21,38.49753733766234,1813.9555555555555
replicate_2,pos3,22,40.276891233766236,1785.4736842105262
replicate_2,pos3,23,42.056245129870135,1830.4209558823532
replicate_2,pos3,24,43.83559902597403,1767.3036347517732
replicate_2,pos3,25,45.61495292207792,1800.215453016102
replicate_2,pos3,26,47.39430681818182,1899.1045454545454
replicate_2,pos3,27,49.17366071428572,1766.7659574468084
replicate_2,pos3,28,50.953014610389616,1876.388888888889
replicate_2,pos4,0,1.1311055194805195,3113.0553174117167
replicate_2,pos4,1,2.9104594155844157,3183.1320571057754
replicate_2,pos4,2,4.689813311688312,2961.309472934473
replicate_2,pos4,3,6.469167207792207,2835.5235033259423
replicate_2,pos4,4,8.248521103896104,2781.410778175313
replicate_2,pos4,5,10.027875,2735.590909090909
replicate_2,pos4,6,11.807228896103897,2656.598828001267
replicate_2,pos4,7,13.586582792207793,2464.764705882353
replicate_2,pos4,8,15.365936688311688,2256.239583333333
replicate_2,pos4,9,17.145290584415584,2224.5116279069766
replicate_2,pos4,10,18.924644480519483,2113.80582010582
replicate_2,pos4,11,20.703998376623375,2150.4513888888887
replicate_2,pos4,12,22.483352272727274,2083.512044161927
replicate_2,pos4,13,24.26270616883117,1959.1974592653962
replicate_2,pos4,14,26.042060064935065,1837.668626772743
replicate_2,pos4,15,27.821413961038964,1848.1831578947367
replicate_2,pos4,16,29.600767857142856,1762.657579787234
replicate_2,pos4,17,31.380121753246755,1797.1549295774648
replicate_2,pos4,18,33.159475649350654,1689.3725490196075
replicate_2,pos4,19,34.938829545454546,1726.0982767232765
replicate_2,pos4,20,36.71818344155844,1707.906976744186
replicate_2,pos4,21,38.49753733766234,1748.0481927710844
replicate_2,pos4,22,40.276891233766236,1685.753846153846
replicate_2,pos4,23,42.056245129870135,1703.9139344262294
replicate_2,pos4,24,43.83559902597403,1643.8450704225352
replicate_2,pos4,25,45.61495292207792,1631.0538563829787
replicate_2,pos4,26,47.39430681818182,1713.6363636363635
replicate_2,pos4,27,49.17366071428572,1665.141156462585
replicate_2,pos4,28,50.953014610389616,1691.9
replicate_2,pos5,0,1.1311055194805195,2718.3166666666666
replicate_2,pos5,1,2.9104594155844157,2853.8591549295775
replicate_2,pos5,2,4.689813311688312,2982.7137219186397
replicate_2,pos5,3,6.469167207792207,2813.171355498721
replicate_2,pos5,4,8.248521103896104,2721.7868852459014
replicate_2,pos5,5,10.027875,2645.198859166011
replicate_2,pos5,6,11.807228896103897,2598.5673076923076
replicate_2,pos5,7,13.586582792207793,2519.220108695652
replicate_2,pos5,8,15.365936688311688,2414.9423076923076
replicate_2,pos5,9,17.145290584415584,2330.5735744355147
replicate_2,pos5,10,18.924644480519483,2396.1876623376625
replicate_2,pos5,11,20.703998376623375,2287.8048780487807
replicate_2,pos5,12,22.483352272727274,2172.470588235294
replicate_2,pos5,13,24.26270616883117,2057.531914893617
replicate_2,pos5,14,26.042060064935065,2022.0298507462687
replicate_2,pos5,15,27.821413961038964,1951.5168818272095
replicate_2,pos5,16,29.600767857142856,1800.0364583333335
replicate_2,pos5,17,31.380121753246755,1749.0
replicate_2,pos5,18,33.159475649350654,1740.8642270861833
replicate_2,pos5,19,34.938829545454546,1693.1130952380952
replicate_2,pos5,20,36.71818344155844,1705.94462629569
replicate_2,pos5,21,38.49753733766234,1676.4905660377358
replicate_2,pos5,22,40.276891233766236,1616.635385633896
replicate_2,pos5,23,42.056245129870135,1570.0742690058482
replicate_2,pos5,24,43.83559902597403,1688.4864864864865
replicate_2,pos5,25,45.61495292207792,1639.5752978406554
replicate_2,pos5,26,47.39430681818182,1642.0
replicate_2,pos5,27,49.17366071428572,1675.5645232815964
replicate_2,pos5,28,50.953014610389616,1653.3488372093022
replicate_2,pos5,29,52.73236850649351,1692.9855072463768
replicate_2,pos6,0,1.1311055194805195,3022.041237113402
replicate_2,pos6,1,2.9104594155844157,3114.285714285714
replicate_2,pos6,2,4.689813311688312,2975.1602935097144
replicate_2,pos6,3,6.469167207792207,2915.453201970444
replicate_2,pos6,4,8.248521103896104,2968.0552536231885
replicate_2,pos6,5,10.027875,2756.425287356322
replicate_2,pos6,6,11.807228896103897,2631.027027027027
replicate_2,pos6,7,13.586582792207793,2605.7631160572337
replicate_2,pos6,8,15.365936688311688,2504.2727272727275
replicate_2,pos6,9,17.145290584415584,2393.7526881720432
replicate_2,pos6,10,18.924644480519483,2494.891548463357
replicate_2,pos6,11,20.703998376623375,2313.637588652482
replicate_2,pos6,12,22.483352272727274,2219.023577235773
replicate_2,pos6,13,24.26270616883117,2069.3241758241757
replicate_2,pos6,14,26.042060064935065,1970.1846153846152
replicate_2,pos6,15,27.821413961038964,1961.710144927536
replicate_2,pos6,16,29.600767857142856,1888.6822005001138
replicate_2,pos6,17,31.380121753246755,1829.8260869565215
replicate_2,pos6,18,33.159475649350654,1738.7237654320988
replicate_2,pos6,19,34.938829545454546,1840.7887323943664
replicate_2,pos6,20,36.71818344155844,1799.358378870674
replicate_2,pos6,21,38.49753733766234,1754.1184792219274
replicate_2,pos6,22,40.276891233766236,1746.076923076923
replicate_2,pos6,23,42.056245129870135,1662.3185274109644
replicate_2,pos6,24,43.83559902597403,1693.9413229018492
replicate_2,pos6,25,45.61495292207792,1716.345643939394
replicate_2,pos6,26,47.39430681818182,1680.0746268656717
replicate_2,pos6,27,49.17366071428572,1683.8198717948717
replicate_2,pos6,28,50.953014610389616,1670.471124620061
replicate_2,pos6,29,52.73236850649351,1639.046875
replicate_2,pos7,0,1.1311055194805195,2791.0701754385964
replicate_2,pos7,1,2.9104594155844157,2976.611967545639
replicate_2,pos7,2,4.689813311688312,2928.32
replicate_2,pos7,3,6.469167207792207,2829.851063829787
replicate_2,pos7,4,8.248521103896104,2660.481388888889
replicate_2,pos7,5,10.027875,2796.4411764705883
replicate_2,pos7,6,11.807228896103897,2542.028664731495
replicate_2,pos7,7,13.586582792207793,2506.2916666666665
replicate_2,pos7,8,15.365936688311688,2387.4615384615386
replicate_2,pos7,9,17.145290584415584,2285.034749034749
replicate_2,pos7,10,18.924644480519483,2308.68
replicate_2,pos7,11,20.703998376623375,2212.103448275862
replicate_2,pos7,12,22.483352272727274,2083.234705882353
replicate_2,pos7,13,24.26270616883117,2085.885730211817
replicate_2,pos7,14,26.042060064935065,1977.4347826086955
replicate_2,pos7,15,27.821413961038964,1894.490909090909
replicate_2,pos7,16,29.600767857142856,1892.076923076923
replicate_2,pos7,17,31.380121753246755,1776.8896478445658
replicate_2,pos7,18,33.159475649350654,1720.953125
replicate_2,pos7,19,34.938829545454546,1717.0131578947369
replicate_2,pos7,20,36.71818344155844,1680.077119883041
replicate_2,pos7,21,38.49753733766234,1701.0
replicate_2,pos7,22,40.276891233766236,1691.4977947072975
replicate_2,pos7,23,42.056245129870135,1728.6643818544367
replicate_2,pos7,24,43.83559902597403,1680.5733333333333
replicate_2,pos7,25,45.61495292207792,1717.4073412698413
replicate_2,pos7,26,47.39430681818182,1752.4533333333334
replicate_2,pos7,27,49.17366071428572,1778.2142857142858
replicate_2,pos7,28,50.953014610389616,1684.942857142857
replicate_2,pos7,29,52.73236850649351,1702.3064516129032
replicate_2,pos8,0,1.1311055194805195,2770.6
replicate_2,pos8,1,2.9104594155844157,2906.4517543859647
replicate_2,pos8,2,4.689813311688312,2799.955430327869
replicate_2,pos8,3,6.469167207792207,2768.1601398601397
replicate_2,pos8,4,8.248521103896104,2788.1583333333333
replicate_2,pos8,5,10.027875,2739.5238095238096
replicate_2,pos8,6,11.807228896103897,2679.4840348330918
replicate_2,pos8,7,13.586582792207793,2435.8888888888887
replicate_2,pos8,8,15.365936688311688,2300.313311688312
replicate_2,pos8,9,17.145290584415584,2194.0184210526318
replicate_2,pos8,10,18.924644480519483,2169.901639344262
replicate_2,pos8,11,20.703998376623375,2062.75
replicate_2,pos8,12,22.483352272727274,2023.741935483871
replicate_2,pos8,13,24.26270616883117,1925.7732394366199
replicate_2,pos8,14,26.042060064935065,1849.129933481153
replicate_2,pos8,15,27.821413961038964,1852.0873188405799
replicate_2,pos8,16,29.600767857142856,1813.2988505747128
replicate_2,pos8,17,31.380121753246755,1782.025641025641
replicate_2,pos8,18,33.159475649350654,1728.8695652173913
replicate_2,pos8,19,34.938829545454546,1641.8166208791208
replicate_2,pos8,20,36.71818344155844,1744.8244444444445
replicate_2,pos8,21,38.49753733766234,1693.7027027027027
replicate_2,pos8,22,40.276891233766236,1664.4723684210526
replicate_2,pos8,23,42.056245129870135,1683.2
replicate_2,pos8,24,43.83559902597403,1677.75
replicate_2,pos8,25,45.61495292207792,1651.862745098039
replicate_2,pos8,26,47.39430681818182,1636.2589798850577
replicate_2,pos8,27,49.17366071428572,1698.1359463276835
replicate_2,pos8,28,50.953014610389616,1771.14358974359
replicate_2,pos8,29,52.73236850649351,1822.2815789473684
replicate_2,pos9,0,1.1311055194805195,2836.329307568438
replicate_2,pos9,1,2.9104594155844157,3052.4602925809822
replicate_2,pos9,2,4.689813311688312,3114.2026263297876
replicate_2,pos9,3,6.469167207792207,3015.2907986111113
replicate_2,pos9,4,8.248521103896104,2898.719298245614
replicate_2,pos9,5,10.027875,2636.896103896104
replicate_2,pos9,6,11.807228896103897,2558.633345836459
replicate_2,pos9,7,13.586582792207793,2463.1917808219177
replicate_2,pos9,8,15.365936688311688,2370.0615384615385
replicate_2,pos9,9,17.145290584415584,2299.0231267345052
replicate_2,pos9,10,18.924644480519483,2217.0185185185187
replicate_2,pos9,11,20.703998376623375,2101.602297834733
replicate_2,pos9,12,22.483352272727274,2092.7576058201057
replicate_2,pos9,13,24.26270616883117,1995.3684621389539
replicate_2,pos9,14,26.042060064935065,1952.4881535947711
replicate_2,pos9,15,27.821413961038964,1852.667633784655
replicate_2,pos9,16,29.600767857142856,1889.377358490566
replicate_2,pos9,17,31.380121753246755,1844.5510204081634
replicate_2,pos9,18,33.159475649350654,1769.5821678321677
replicate_2,pos9,19,34.938829545454546,1720.4582239197898
replicate_2,pos9,20,36.71818344155844,1748.2412900188324
replicate_2,pos9,21,38.49753733766234,1677.9354838709678
replicate_2,pos9,22,40.276891233766236,1686.9940582293523
replicate_2,pos9,23,42.056245129870135,1665.03125
replicate_2,pos9,24,43.83559902597403,1693.3817708333333
replicate_2,pos9,25,45.61495292207792,1689.7558555627847
replicate_2,pos9,26,47.39430681818182,1718.857142857143
replicate_2,pos9,27,49.17366071428572,1701.6363636363635
replicate_2,pos9,28,50.953014610389616,1788.798611111111
replicate_2,pos9,29,52.73236850649351,1713.620253164557
replicate_3,pos10,0,1.1311055194805195,2519.4531324725012
replicate_3,pos10,1,2.9104594155844157,2598.5984117980715
replicate_3,pos10,2,4.689813311688312,2534.35593220339
replicate_3,pos10,3,6.469167207792207,2566.437549251379
replicate_3,pos10,4,8.248521103896104,2302.1944444444443
replicate_3,pos10,5,10.027875,2163.866666666667
replicate_3,pos10,6,11.807228896103897,2175.842105263158
replicate_3,pos10,7,13.586582792207793,2132.953488372093
replicate_3,pos10,8,15.365936688311688,2183.287878787879
replicate_3,pos10,9,17.145290584415584,2034.9850746268655
replicate_3,pos10,10,18.924644480519483,1976.0833333333333
replicate_3,pos10,11,20.703998376623375,1881.6382978723404
replicate_3,pos10,12,22.483352272727274,1744.142857142857
replicate_3,pos10,13,24.26270616883117,1765.9335519125682
replicate_3,pos10,14,26.042060064935065,1688.0344827586207
replicate_3,pos10,15,27.821413961038964,1707.1463414634147
replicate_3,pos10,16,29.600767857142856,1608.5193236714977
replicate_3,pos10,17,31.380121753246755,1662.3622685185185
replicate_3,pos10,18,33.159475649350654,1598.2685185185185
replicate_3,pos10,19,34.938829545454546,1579.9815100154083
replicate_3,pos10,20,36.71818344155844,1563.7519047619048
replicate_3,pos10,21,38.49753733766234,1524.9583333333333
replicate_3,pos10,22,40.276891233766236,1467.5125418060202
replicate_3,pos10,23,42.056245129870135,1539.9315068493152
replicate_3,pos10,24,43.83559902597403,1540.1219153936545
replicate_3,pos10,25,45.61495292207792,1523.9325842696628
replicate_3,pos10,26,47.39430681818182,1528.7241379310344
replicate_3,pos10,27,49.17366071428572,1550.6300347222223
replicate_3,pos10,28,50.953014610389616,1573.2666666666669
replicate_3,pos11,0,1.1311055194805195,2877.6626773049647
replicate_3,pos11,1,2.9104594155844157,2970.4
replicate_3,pos11,2,4.689813311688312,3058.2702702702704
replicate_3,pos11,3,6.469167207792207,2906.6785714285716
replicate_3,pos11,4,8.248521103896104,2708.9444444444443
replicate_3,pos11,5,10.027875,2614.3142857142857
replicate_3,pos11,6,11.807228896103897,2487.7570242656448
replicate_3,pos11,7,13.586582792207793,2493.554054054054
replicate_3,pos11,8,15.365936688311688,2344.7063725490198
replicate_3,pos11,9,17.145290584415584,2235.814170040486
replicate_3,pos11,10,18.924644480519483,2157.2586206896553
replicate_3,pos11,11,20.703998376623375,2197.1688311688313
replicate_3,pos11,12,22.483352272727274,1976.7076023391812
replicate_3,pos11,13,24.26270616883117,2023.4155464640562
replicate_3,pos11,14,26.042060064935065,1891.7432432432431
replicate_3,pos11,15,27.821413961038964,1785.5504009163803
replicate_3,pos11,16,29.600767857142856,1751.8591549295777
replicate_3,pos11,17,31.380121753246755,1708.1159420289855
replicate_3,pos11,18,33.159475649350654,1683.0416666666667
replicate_3,pos11,19,34.938829545454546,1673.952380952381
replicate_3,pos11,20,36.71818344155844,1648.1851851851852
replicate_3,pos11,21,38.49753733766234,1665.6097560975609
replicate_3,pos11,22,40.276891233766236,1659.9309523809525
replicate_3,pos11,23,42.056245129870135,1675.7486274509804
replicate_3,pos11,24,43.83559902597403,1651.2941374663073
replicate_3,pos11,25,45.61495292207792,1605.0204081632653
replicate_3,pos11,26,47.39430681818182,1604.2936720142602
replicate_3,pos11,27,49.17366071428572,1607.5775862068967
replicate_3,pos11,28,50.953014610389616,1717.3457943925234
replicate_3,pos11,29,52.73236850649351,1437.875
replicate_3,pos12,0,1.1311055194805195,2966.113626209978
replicate_3,pos12,1,2.9104594155844157,2991.8653846153848
replicate_3,pos12,2,4.689813311688312,2932.6935483870966
replicate_3,pos12,3,6.469167207792207,2883.518979591837
replicate_3,pos12,4,8.248521103896104,2925.748048780488
replicate_3,pos12,5,10.027875,2754.1828187535734
replicate_3,pos12,6,11.807228896103897,2688.563873195229
replicate_3,pos12,7,13.586582792207793,2492.1794871794873
replicate_3,pos12,8,15.365936688311688,2498.7622377622374
replicate_3,pos12,9,17.145290584415584,2295.3489010989015
replicate_3,pos12,10,18.924644480519483,2308.6172248803828
replicate_3,pos12,11,20.703998376623375,2273.306666666667
replicate_3,pos12,12,22.483352272727274,2055.3125
replicate_3,pos12,13,24.26270616883117,1984.7293522267205
replicate_3,pos12,14,26.042060064935065,1939.8072289156623
replicate_3,pos12,15,27.821413961038964,1843.76
replicate_3,pos12,16,29.600767857142856,1800.851851851852
replicate_3,pos12,17,31.380121753246755,1724.670321637427
replicate_3,pos12,18,33.159475649350654,1731.7126225490197
replicate_3,pos12,19,34.938829545454546,1691.25
replicate_3,pos12,20,36.71818344155844,1624.957446808511
replicate_3,pos12,21,38.49753733766234,1641.8459595959596
replicate_3,pos12,22,40.276891233766236,1601.1256068802886
replicate_3,pos12,23,42.056245129870135,1568.046511627907
replicate_3,pos12,24,43.83559902597403,1603.7066532258063
replicate_3,pos12,25,45.61495292207792,1641.0266666666666
replicate_3,pos12,26,47.39430681818182,1690.4533333333334
replicate_3,pos12,27,49.17366071428572,1665.2923076923078
replicate_3,pos12,28,50.953014610389616,1718.530328798186
replicate_3,pos12,29,52.73236850649351,1253.9411764705883
replicate_3,pos13,0,1.1311055194805195,3117.6567164179105
replicate_3,pos13,1,2.9104594155844157,3299.957859848485
replicate_3,pos13,2,4.689813311688312,3000.2285714285713
replicate_3,pos13,3,6.469167207792207,2979.940674394099
replicate_3,pos13,4,8.248521103896104,2787.753846153846
replicate_3,pos13,5,10.027875,2736.089285714286
replicate_3,pos13,6,11.807228896103897,2695.205194805195
replicate_3,pos13,7,13.586582792207793,2611.0
replicate_3,pos13,8,15.365936688311688,2438.1428571428573
replicate_3,pos13,9,17.145290584415584,2329.1724137931033
replicate_3,pos13,10,18.924644480519483,2343.795918367347
replicate_3,pos13,11,20.703998376623375,2163.7210344827586
replicate_3,pos13,12,22.483352272727274,2093.907834101383
replicate_3,pos13,13,24.26270616883117,2056.6098039215685
replicate_3,pos13,14,26.042060064935065,1953.907616892911
replicate_3,pos13,15,27.821413961038964,1952.8181818181815
replicate_3,pos13,16,29.600767857142856,1930.6258169934642
replicate_3,pos13,17,31.380121753246755,1857.1803278688524
replicate_3,pos13,18,33.159475649350654,1765.3136645962732
replicate_3,pos13,19,34.938829545454546,1706.031836734694
replicate_3,pos13,20,36.71818344155844,1690.2516570008286
replicate_3,pos13,21,38.49753733766234,1703.7162162162165
replicate_3,pos13,22,40.276891233766236,1674.3023255813953
replicate_3,pos13,23,42.056245129870135,1631.5176470588235
replicate_3,pos13,24,43.83559902597403,1680.4542284219704
replicate_3,pos13,25,45.61495292207792,1692.3712241653418
replicate_3,pos13,26,47.39430681818182,1701.006446414182
replicate_3,pos13,27,49.17366071428572,1855.0437288135595
replicate_3,pos13,28,50.953014610389616,1786.8636545381848
replicate_3,pos13,29,52.73236850649351,2514.8387096774195
replicate_3,pos14,0,1.1311055194805195,2849.7455845248105
replicate_3,pos14,1,2.9104594155844157,2974.7391304347825
replicate_3,pos14,2,4.689813311688312,2912.4136904761904
replicate_3,pos14,3,6.469167207792207,2825.0417207792207
replicate_3,pos14,4,8.248521103896104,2753.4313725490197
replicate_3,pos14,5,10.027875,2549.9565217391305
replicate_3,pos14,6,11.807228896103897,2509.222222222222
replicate_3,pos14,7,13.586582792207793,2381.6969696969695
replicate_3,pos14,8,15.365936688311688,2310.822222222222
replicate_3,pos14,9,17.145290584415584,2298.655172413793
replicate_3,pos14,10,18.924644480519483,2254.076134930643
replicate_3,pos14,11,20.703998376623375,2170.2820512820513
replicate_3,pos14,12,22.483352272727274,2113.249275362319
replicate_3,pos14,13,24.26270616883117,2056.4141967621417
replicate_3,pos14,14,26.042060064935065,1895.9961993243244
replicate_3,pos14,15,27.821413961038964,1824.719379844961
replicate_3,pos14,16,29.600767857142856,1772.9400514304082
replicate_3,pos14,17,31.380121753246755,1724.9980482204364
replicate_3,pos14,18,33.159475649350654,1644.407894736842
replicate_3,pos14,19,34.938829545454546,1645.2953407778205
replicate_3,pos14,20,36.71818344155844,1622.4814814814815
replicate_3,pos14,21,38.49753733766234,1618.6477272727273
replicate_3,pos14,22,40.276891233766236,1713.3698630136987
replicate_3,pos14,23,42.056245129870135,1637.8103448275865
replicate_3,pos14,24,43.83559902597403,1645.690476190476
replicate_3,pos14,25,45.61495292207792,1684.377358490566
replicate_3,pos14,26,47.39430681818182,1681.0192307692307
replicate_3,pos14,27,49.17366071428572,1742.4819277108434
replicate_3,pos14,28,50.953014610389616,1859.5636363636363
replicate_3,pos14,29,52.73236850649351,1912.566591017678
replicate_3,pos15,0,1.1311055194805195,2791.0647128245473
replicate_3,pos15,1,2.9104594155844157,3025.216427364865
replicate_3,pos15,2,4.689813311688312,2813.475724637681
replicate_3,pos15,3,6.469167207792207,2803.6101694915255
replicate_3,pos15,4,8.248521103896104,2747.0281524926686
replicate_3,pos15,5,10.027875,2587.5454545454545
replicate_3,pos15,6,11.807228896103897,2507.034356725146
replicate_3,pos15,7,13.586582792207793,2480.1199494949497
replicate_3,pos15,8,15.365936688311688,2369.115175520348
replicate_3,pos15,9,17.145290584415584,2274.7967205750224
replicate_3,pos15,10,18.924644480519483,2166.8474576271187
replicate_3,pos15,11,20.703998376623375,2095.786950904393
replicate_3,pos15,12,22.483352272727274,2038.9772727272727
replicate_3,pos15,13,24.26270616883117,1951.6756756756756
replicate_3,pos15,14,26.042060064935065,1914.5454545454545
replicate_3,pos15,15,27.821413961038964,1838.0
replicate_3,pos15,16,29.600767857142856,1776.732142857143
replicate_3,pos15,17,31.380121753246755,1705.4864341085272
replicate_3,pos15,18,33.159475649350654,1697.4513556618822
replicate_3,pos15,19,34.938829545454546,1689.8194444444443
replicate_3,pos15,20,36.71818344155844,1670.246153846154
replicate_3,pos15,21,38.49753733766234,1634.8151460942158
replicate_3,pos15,22,40.276891233766236,1683.9192949907235
replicate_3,pos15,23,42.056245129870135,1625.250301810865
replicate_3,pos15,24,43.83559902597403,1624.1801632140616
replicate_3,pos15,25,45.61495292207792,1608.0162337662337
replicate_3,pos15,26,47.39430681818182,1624.3511904761904
replicate_3,pos15,27,49.17366071428572,1688.8408239700375
replicate_3,pos15,28,50.953014610389616,1761.7631578947369
replicate_3,pos15,29,52.73236850649351,1820.3148347701149
replicate_3,pos16,0,1.1311055194805195,3007.3841443230717
replicate_3,pos16,1,2.9104594155844157,3162.7793288934427
replicate_3,pos16,2,4.689813311688312,3156.7719298245615
replicate_3,pos16,3,6.469167207792207,2893.6056910569105
replicate_3,pos16,4,8.248521103896104,2899.7285714285713
replicate_3,pos16,5,10.027875,2737.6
replicate_3,pos16,6,11.807228896103897,2717.4406779661017
replicate_3,pos16,7,13.586582792207793,2577.0718896713615
replicate_3,pos16,8,15.365936688311688,2499.7085459183672
replicate_3,pos16,9,17.145290584415584,2370.3270833333336
replicate_3,pos16,10,18.924644480519483,2294.478174603175
replicate_3,pos16,11,20.703998376623375,2254.2837837837837
replicate_3,pos16,12,22.483352272727274,2184.685185185185
replicate_3,pos16,13,24.26270616883117,2061.0319089900113
replicate_3,pos16,14,26.042060064935065,2057.994814814815
replicate_3,pos16,15,27.821413961038964,1960.290909090909
replicate_3,pos16,16,29.600767857142856,1995.0765151515152
replicate_3,pos16,17,31.380121753246755,1877.3286099865045
replicate_3,pos16,18,33.159475649350654,1796.3915343915344
replicate_3,pos16,19,34.938829545454546,1799.999194414608
replicate_3,pos16,20,36.71818344155844,1767.5113636363635
replicate_3,pos16,21,38.49753733766234,1846.84
replicate_3,pos16,22,40.276891233766236,1711.867924528302
replicate_3,pos16,23,42.056245129870135,1756.65
replicate_3,pos16,24,43.83559902597403,1677.5057471264367
replicate_3,pos16,25,45.61495292207792,1645.0963547713027
replicate_3,pos16,26,47.39430681818182,1724.0761408083442
replicate_3,pos16,27,49.17366071428572,1689.7235962566845
replicate_3,pos16,28,50.953014610389616,1706.7534246575342
replicate_3,pos16,29,52.73236850649351,1657.600032878514
replicate_3,pos17,0,1.1311055194805195,2764.76817573595
replicate_3,pos17,1,2.9104594155844157,2948.6096969696973
replicate_3,pos17,2,4.689813311688312,2700.5116279069766
replicate_3,pos17,3,6.469167207792207,2481.681727994228
replicate_3,pos17,4,8.248521103896104,2408.0833333333335
replicate_3,pos17,5,10.027875,2342.925925925926
replicate_3,pos17,6,11.807228896103897,2253.1588164251207
replicate_3,pos17,7,13.586582792207793,2142.4920634920636
replicate_3,pos17,8,15.365936688311688,2130.945945945946
replicate_3,pos17,9,17.145290584415584,1948.608695652174
replicate_3,pos17,10,18.924644480519483,1886.128947368421
replicate_3,pos17,11,20.703998376623375,1882.6923076923076
replicate_3,pos17,12,22.483352272727274,1807.0074162679425
replicate_3,pos17,13,24.26270616883117,1783.1568986568986
replicate_3,pos17,14,26.042060064935065,1773.8974358974358
replicate_3,pos17,15,27.821413961038964,1691.281038961039
replicate_3,pos17,16,29.600767857142856,1626.957446808511
replicate_3,pos17,17,31.380121753246755,1570.9692541856925
replicate_3,pos17,18,33.159475649350654,1478.6847826086955
replicate_3,pos17,19,34.938829545454546,1481.6097099621688
replicate_3,pos17,20,36.71818344155844,1501.859375
replicate_3,pos17,21,38.49753733766234,1521.6382978723404
replicate_3,pos17,22,40.276891233766236,1536.01772970562
replicate_3,pos17,23,42.056245129870135,1502.0719696969697
replicate_3,pos17,24,43.83559902597403,1521.297461660497
replicate_3,pos17,25,45.61495292207792,1537.0207821651238
replicate_3,pos17,26,47.39430681818182,1504.8320346320347
replicate_3,pos17,27,49.17366071428572,1559.7814790139905
replicate_3,pos17,28,50.953014610389616,1519.3566827697264
replicate_3,pos17,29,52.73236850649351,1534.275
replicate_3,pos18,0,1.1311055194805195,2734.5677450980393
replicate_3,pos18,1,2.9104594155844157,2991.2
replicate_3,pos18,2,4.689813311688312,2896.9772727272725
replicate_3,pos18,3,6.469167207792207,2598.6666666666665
replicate_3,pos18,4,8.248521103896104,2477.9189450428057
replicate_3,pos18,5,10.027875,2390.926797040169
replicate_3,pos18,6,11.807228896103897,2306.038220551379
replicate_3,pos18,7,13.586582792207793,2272.622641509434
replicate_3,pos18,8,15.365936688311688,2190.535714285714
replicate_3,pos18,9,17.145290584415584,2206.151515151515
replicate_3,pos18,10,18.924644480519483,2075.6415094339623
replicate_3,pos18,11,20.703998376623375,2055.40350877193
replicate_3,pos18,12,22.483352272727274,1936.8545506912442
replicate_3,pos18,13,24.26270616883117,1923.3093635250918
replicate_3,pos18,14,26.042060064935065,1853.891447368421
replicate_3,pos18,15,27.821413961038964,1736.6190476190477
replicate_3,pos18,16,29.600767857142856,1670.4255319148936
replicate_3,pos18,17,31.380121753246755,1608.631054131054
replicate_3,pos18,18,33.159475649350654,1581.2808716707023
replicate_3,pos18,19,34.938829545454546,1544.146451612903
replicate_3,pos18,20,36.71818344155844,1533.24
replicate_3,pos18,21,38.49753733766234,1547.8333333333333
replicate_3,pos18,22,40.276891233766236,1551.2169148056246
replicate_3,pos18,23,42.056245129870135,1545.851923076923
replicate_3,pos18,24,43.83559902597403,1498.5696202531649
replicate_3,pos18,25,45.61495292207792,1508.6757478632478
replicate_3,pos18,26,47.39430681818182,1526.0433333333335
replicate_3,pos18,27,49.17366071428572,1656.113924050633
replicate_3,pos18,28,50.953014610389616,1681.6764705882354
replicate_3,pos18,29,52.73236850649351,1479.4769230769232
replicate_3,pos19,0,1.1311055194805195,3131.843137254902
replicate_3,pos19,1,2.9104594155844157,3239.9523809523807
replicate_3,pos19,2,4.689813311688312,2983.37841191067
replicate_3,pos19,3,6.469167207792207,2899.4736842105262
replicate_3,pos19,4,8.248521103896104,2837.785714285714
replicate_3,pos19,5,10.027875,2791.0238095238096
replicate_3,pos19,6,11.807228896103897,2685.970901126408
replicate_3,pos19,7,13.586582792207793,2529.439903846154
replicate_3,pos19,8,15.365936688311688,2435.037037037037
replicate_3,pos19,9,17.145290584415584,2408.2391304347825
replicate_3,pos19,10,18.924644480519483,2281.295900178253
replicate_3,pos19,11,20.703998376623375,2314.8888888888887
replicate_3,pos19,12,22.483352272727274,2272.0
replicate_3,pos19,13,24.26270616883117,2126.248333333333
replicate_3,pos19,14,26.042060064935065,2016.9805555555554
replicate_3,pos19,15,27.821413961038964,2002.5834458807642
replicate_3,pos19,16,29.600767857142856,1880.5211267605632
replicate_3,pos19,17,31.380121753246755,1880.0655737704917
replicate_3,pos19,18,33.159475649350654,1850.8529411764705
replicate_3,pos19,19,34.938829545454546,1812.0
replicate_3,pos19,20,36.71818344155844,1869.3793311845286
replicate_3,pos19,21,38.49753733766234,1741.4892857142859
replicate_3,pos19,22,40.276891233766236,1740.7215189873418
replicate_3,pos19,23,42.056245129870135,1745.964705882353
replicate_3,pos19,24,43.83559902597403,1800.8802816901407
replicate_3,pos19,25,45.61495292207792,1772.061403508772
replicate_3,pos19,26,47.39430681818182,1681.428571428571
replicate_3,pos19,27,49.17366071428572,1721.6986301369864
replicate_3,pos19,28,50.953014610389616,1723.9745428973276
replicate_3,pos19,29,52.73236850649351,1589.2692307692307
replicate_3,pos20,0,1.1311055194805195,3139.8115468409587
replicate_3,pos20,1,2.9104594155844157,3252.88
replicate_3,pos20,2,4.689813311688312,3102.995406189555
replicate_3,pos20,3,6.469167207792207,3012.3028169014087
replicate_3,pos20,4,8.248521103896104,2906.9673659673663
replicate_3,pos20,5,10.027875,2753.2627829820453
replicate_3,pos20,6,11.807228896103897,2550.7727272727275
replicate_3,pos20,7,13.586582792207793,2485.9524725274723
replicate_3,pos20,8,15.365936688311688,2397.7380952380954
replicate_3,pos20,9,17.145290584415584,2365.021276595745
replicate_3,pos20,10,18.924644480519483,2402.870985915493
replicate_3,pos20,11,20.703998376623375,2298.7027450980395
replicate_3,pos20,12,22.483352272727274,2168.3809523809523
replicate_3,pos20,13,24.26270616883117,2127.013525835866
replicate_3,pos20,14,26.042060064935065,1990.5668831168832
replicate_3,pos20,15,27.821413961038964,1983.745789473684
replicate_3,pos20,16,29.600767857142856,1876.133574695122
replicate_3,pos20,17,31.380121753246755,1844.0291595197255
replicate_3,pos20,18,33.159475649350654,1821.765625
replicate_3,pos20,19,34.938829545454546,1749.4485714285715
replicate_3,pos20,20,36.71818344155844,1782.7502228163994
replicate_3,pos20,21,38.49753733766234,1777.2058823529412
replicate_3,pos20,22,40.276891233766236,1743.8971774193549
replicate_3,pos20,23,42.056245129870135,1768.4905074844833
replicate_3,pos20,24,43.83559902597403,1696.027661691542
replicate_3,pos20,25,45.61495292207792,1714.048387096774
replicate_3,pos20,26,47.39430681818182,1699.6666666666667
replicate_3,pos20,27,49.17366071428572,1730.3125
replicate_3,pos20,28,50.953014610389616,1871.3742756804218
replicate_5,pos0,0,1.1311055194805195,1663.2087912087911
replicate_5,pos0,1,2.9104594155844157,1809.9842760874003
replicate_5,pos0,2,4.689813311688312,1936.7665404040404
replicate_5,pos0,3,6.469167207792207,2008.3066072300928
replicate_5,pos0,4,8.248521103896104,1925.9631558641975
replicate_5,pos0,5,10.027875,1892.1764705882351
replicate_5,pos0,6,11.807228896103897,1841.0526315789473
replicate_5,pos0,7,13.586582792207793,1796.396913580247
replicate_5,pos0,8,15.365936688311688,1735.4621848739496
replicate_5,pos0,9,17.145290584415584,1624.578947368421
replicate_5,pos0,10,18.924644480519483,1630.595238095238
replicate_5,pos0,11,20.703998376623375,1596.032258064516
replicate_5,pos0,12,22.483352272727274,1503.4736642667676
replicate_5,pos0,13,24.26270616883117,1422.8145941921073
replicate_5,pos0,14,26.042060064935065,1466.2045454545455
replicate_5,pos0,15,27.821413961038964,1528.7011494252874
replicate_5,pos0,16,29.600767857142856,1513.6065188172042
replicate_5,pos0,17,31.380121753246755,1488.0675675675675
replicate_5,pos0,18,33.159475649350654,1463.4349154980223
replicate_5,pos0,19,34.938829545454546,1471.5396825396826
replicate_5,pos0,20,36.71818344155844,1472.7290410565604
replicate_5,pos0,21,38.49753733766234,1422.392857142857
replicate_5,pos0,22,40.276891233766236,1444.4043961864406
replicate_5,pos0,23,42.056245129870135,1452.39648163723
replicate_5,pos0,24,43.83559902597403,1363.9615982587065
replicate_5,pos0,25,45.61495292207792,1347.6249649859944
replicate_5,pos0,26,47.39430681818182,1173.7789598108748
replicate_5,pos0,27,49.17366071428572,1065.1917808219175
replicate_5,pos0,28,50.953014610389616,1025.469696969697
replicate_5,pos1,0,1.1311055194805195,2140.05
replicate_5,pos1,1,2.9104594155844157,2204.105882352941
replicate_5,pos1,2,4.689813311688312,2250.0951287518456
replicate_5,pos1,3,6.469167207792207,2298.5126050420167
replicate_5,pos1,4,8.248521103896104,2207.8517206477736
replicate_5,pos1,5,10.027875,2042.320512820513
replicate_5,pos1,6,11.807228896103897,1979.9792417224226
replicate_5,pos1,7,13.586582792207793,1908.2341139862433
replicate_5,pos1,8,15.365936688311688,1868.698795180723
replicate_5,pos1,9,17.145290584415584,1806.986666666667
replicate_5,pos1,10,18.924644480519483,1710.486111111111
replicate_5,pos1,11,20.703998376623375,1665.5454545454545
replicate_5,pos1,12,22.483352272727274,1678.1666666666667
replicate_5,pos1,13,24.26270616883117,1652.2511609907122
replicate_5,pos1,14,26.042060064935065,1575.5997835497838
replicate_5,pos1,15,27.821413961038964,1503.810344827586
replicate_5,pos1,16,29.600767857142856,1494.5357142857142
replicate_5,pos1,17,31.380121753246755,1419.9666666666667
replicate_5,pos1,18,33.159475649350654,1420.952617970265
replicate_5,pos1,19,34.938829545454546,1429.183118125299
replicate_5,pos1,20,36.71818344155844,1417.3968446601941
replicate_5,pos1,21,38.49753733766234,1357.717670682731
replicate_5,pos1,22,40.276891233766236,1413.6787790697676
replicate_5,pos1,23,42.056245129870135,1441.0211069418385
replicate_5,pos1,24,43.83559902597403,1472.8787472035797
replicate_5,pos1,25,45.61495292207792,1374.611111111111
replicate_5,pos1,26,47.39430681818182,1276.9933014354067
replicate_5,pos1,27,49.17366071428572,1156.9608938547483
replicate_5,pos1,28,50.953014610389616,1016.1255826962522
replicate_5,pos10,0,1.1311055194805195,2318.95
replicate_5,pos10,1,2.9104594155844157,2441.093313953488
replicate_5,pos10,2,4.689813311688312,2412.8179894179893
replicate_5,pos10,3,6.469167207792207,2307.8547213734905
replicate_5,pos10,4,8.248521103896104,2187.267441860465
replicate_5,pos10,5,10.027875,2035.8297872340424
replicate_5,pos10,6,11.807228896103897,1963.5632183908046
replicate_5,pos10,7,13.586582792207793,1855.138959931799
replicate_5,pos10,8,15.365936688311688,1795.734021581241
replicate_5,pos10,9,17.145290584415584,1720.322477827051
replicate_5,pos10,10,18.924644480519483,1596.0146254784036
replicate_5,pos10,11,20.703998376623375,1620.7474457881567
replicate_5,pos10,12,22.483352272727274,1615.648148148148
replicate_5,pos10,13,24.26270616883117,1537.6106870229007
replicate_5,pos10,14,26.042060064935065,1575.8072289156626
replicate_5,pos10,15,27.821413961038964,1578.4254234855011
replicate_5,pos10,16,29.600767857142856,1558.7333333333331
replicate_5,pos10,17,31.380121753246755,1562.1379310344828
replicate_5,pos10,18,33.159475649350654,1508.9711538461538
replicate_5,pos10,19,34.938829545454546,1548.5164337885044
replicate_5,pos10,20,36.71818344155844,1603.07504456328
replicate_5,pos10,21,38.49753733766234,1590.9214285714286
replicate_5,pos10,22,40.276891233766236,1603.938775510204
replicate_5,pos10,23,42.056245129870135,1478.2833333333333
replicate_5,pos10,24,43.83559902597403,1419.5327102803735
replicate_5,pos10,25,45.61495292207792,1386.0909809368713
replicate_5,pos10,26,47.39430681818182,1326.3353658536585
replicate_5,pos10,27,49.17366071428572,1196.9018312196279
replicate_5,pos10,28,50.953014610389616,1026.9571428571428
replicate_5,pos10,29,52.73236850649351,906.6749470712773
replicate_5,pos11,0,1.1311055194805195,2609.7360789895038
replicate_5,pos11,1,2.9104594155844157,2705.2842105263157
replicate_5,pos11,2,4.689813311688312,2693.422509578544
replicate_5,pos11,3,6.469167207792207,2573.735294117647
replicate_5,pos11,4,8.248521103896104,2515.715
replicate_5,pos11,5,10.027875,2406.77868852459
replicate_5,pos11,6,11.807228896103897,2390.3663074712645
replicate_5,pos11,7,13.586582792207793,2275.5616438356165
replicate_5,pos11,8,15.365936688311688,1962.8400635208711
replicate_5,pos11,9,17.145290584415584,1789.2882882882882
replicate_5,pos11,10,18.924644480519483,1780.9870426829268
replicate_5,pos11,11,20.703998376623375,1837.5142857142855
replicate_5,pos11,12,22.483352272727274,1683.0860215053765
replicate_5,pos11,13,24.26270616883117,1621.6756756756756
replicate_5,pos11,14,26.042060064935065,1609.1362684483447
replicate_5,pos11,15,27.821413961038964,1685.1348314606741
replicate_5,pos11,16,29.600767857142856,1677.4117647058824
replicate_5,pos11,17,31.380121753246755,1570.8675851511673
replicate_5,pos11,18,33.159475649350654,1617.94551458448
replicate_5,pos11,19,34.938829545454546,1594.073487204018
replicate_5,pos11,20,36.71818344155844,1685.8024691358023
replicate_5,pos11,21,38.49753733766234,1765.7339449541284
replicate_5,pos11,22,40.276891233766236,1679.7860574298504
replicate_5,pos11,23,42.056245129870135,1616.3485772357724
replicate_5,pos11,24,43.83559902597403,1551.0910614813288
replicate_5,pos11,25,45.61495292207792,1558.3020295531423
replicate_5,pos11,26,47.39430681818182,1413.200470201888
replicate_5,pos11,27,49.17366071428572,1239.8440860215053
replicate_5,pos11,28,50.953014610389616,1159.4120118233022
replicate_5,pos11,29,52.73236850649351,1059.932098765432
replicate_5,pos12,0,1.1311055194805195,2569.822010869565
replicate_5,pos12,1,2.9104594155844157,2693.228666666667
replicate_5,pos12,2,4.689813311688312,2630.2938144329896
replicate_5,pos12,3,6.469167207792207,2577.6184995737426
replicate_5,pos12,4,8.248521103896104,2531.5342465753424
replicate_5,pos12,5,10.027875,2466.2181818181816
replicate_5,pos12,6,11.807228896103897,2256.55585106383
replicate_5,pos12,7,13.586582792207793,2116.085439560439
replicate_5,pos12,8,15.365936688311688,1933.2987012987014
replicate_5,pos12,9,17.145290584415584,1839.8924731182797
replicate_5,pos12,10,18.924644480519483,1726.3317659352142
replicate_5,pos12,11,20.703998376623375,1573.7564102564102
replicate_5,pos12,12,22.483352272727274,1549.5689655172414
replicate_5,pos12,13,24.26270616883117,1556.3874336870026
replicate_5,pos12,14,26.042060064935065,1506.1129032258063
replicate_5,pos12,15,27.821413961038964,1543.1117109634552
replicate_5,pos12,16,29.600767857142856,1590.4304915514592
replicate_5,pos12,17,31.380121753246755,1666.6849315068494
replicate_5,pos12,18,33.159475649350654,1674.9567363530778
replicate_5,pos12,19,34.938829545454546,1696.4679487179487
replicate_5,pos12,20,36.71818344155844,1601.9360378634212
replicate_5,pos12,21,38.49753733766234,1599.9125
replicate_5,pos12,22,40.276891233766236,1666.5325754797705
replicate_5,pos12,23,42.056245129870135,1649.477465214761
replicate_5,pos12,24,43.83559902597403,1558.1565759637188
replicate_5,pos12,25,45.61495292207792,1482.8333333333333
replicate_5,pos12,26,47.39430681818182,1400.118410128684
replicate_5,pos12,27,49.17366071428572,1206.8589743589744
replicate_5,pos12,28,50.953014610389616,1095.5384615384614
replicate_5,pos12,29,52.73236850649351,1009.3383458646616
replicate_5,pos2,0,1.1311055194805195,2202.669666005795
replicate_5,pos2,1,2.9104594155844157,2203.5114013267
replicate_5,pos2,2,4.689813311688312,2218.068181818182
replicate_5,pos2,3,6.469167207792207,2030.8028169014085
replicate_5,pos2,4,8.248521103896104,1805.4225063938618
replicate_5,pos2,5,10.027875,1779.323076923077
replicate_5,pos2,6,11.807228896103897,1786.5757126990004
replicate_5,pos2,7,13.586582792207793,1857.9032258064517
replicate_5,pos2,8,15.365936688311688,1780.2719298245615
replicate_5,pos2,9,17.145290584415584,1706.7773504273505
replicate_5,pos2,10,18.924644480519483,1653.2596244131455
replicate_5,pos2,11,20.703998376623375,1639.3744345542098
replicate_5,pos2,12,22.483352272727274,1582.859375
replicate_5,pos2,13,24.26270616883117,1517.4158415841584
replicate_5,pos2,14,26.042060064935065,1424.8169014084508
replicate_5,pos2,15,27.821413961038964,1417.2954545454545
replicate_5,pos2,16,29.600767857142856,1433.9702702702702
replicate_5,pos2,17,31.380121753246755,1452.9817009077879
replicate_5,pos2,18,33.159475649350654,1436.6560857683414
replicate_5,pos2,19,34.938829545454546,1436.060975609756
replicate_5,pos2,20,36.71818344155844,1404.4531085353003
replicate_5,pos2,21,38.49753733766234,1415.1298273155417
replicate_5,pos2,22,40.276891233766236,1447.6817757009346
replicate_5,pos2,23,42.056245129870135,1470.2771084337348
replicate_5,pos2,24,43.83559902597403,1382.2358614905345
replicate_5,pos2,25,45.61495292207792,1357.58024691358
replicate_5,pos2,26,47.39430681818182,1248.6780821917807
replicate_5,pos2,27,49.17366071428572,1173.3854575876617
replicate_5,pos2,28,50.953014610389616,1051.610465116279
replicate_5,pos2,29,52.73236850649351,1069.0
replicate_5,pos3,0,1.1311055194805195,1769.4425
replicate_5,pos3,1,2.9104594155844157,2000.2662374020158
replicate_5,pos3,2,4.689813311688312,2113.5657708628005
replicate_5,pos3,3,6.469167207792207,2111.604670032456
replicate_5,pos3,4,8.248521103896104,2086.3544433094994
replicate_5,pos3,5,10.027875,2107.2581373247804
replicate_5,pos3,6,11.807228896103897,1952.8932376603611
replicate_5,pos3,7,13.586582792207793,1887.8426009644363
replicate_5,pos3,8,15.365936688311688,1713.402524414962
replicate_5,pos3,9,17.145290584415584,1790.1052631578948
replicate_5,pos3,10,18.924644480519483,1776.8068181818182
replicate_5,pos3,11,20.703998376623375,1664.3577235772357
replicate_5,pos3,12,22.483352272727274,1592.842105263158
replicate_5,pos3,13,24.26270616883117,1583.65
replicate_5,pos3,14,26.042060064935065,1595.7375478927202
replicate_5,pos3,15,27.821413961038964,1574.3929577464787
replicate_5,pos3,16,29.600767857142856,1529.7286945948933
replicate_5,pos3,17,31.380121753246755,1524.0625
replicate_5,pos3,18,33.159475649350654,1489.4849059157978
replicate_5,pos3,19,34.938829545454546,1404.8459863465162
replicate_5,pos3,20,36.71818344155844,1424.3932584269662
replicate_5,pos3,21,38.49753733766234,1351.2074074074071
replicate_5,pos3,22,40.276891233766236,1355.0243902439024
replicate_5,pos3,23,42.056245129870135,1351.498023715415
replicate_5,pos3,24,43.83559902597403,1338.7023041474654
replicate_5,pos3,25,45.61495292207792,1282.7097222222224
replicate_5,pos3,26,47.39430681818182,1234.5115207373271
replicate_5,pos3,27,49.17366071428572,1048.6604938271605
replicate_5,pos3,28,50.953014610389616,984.506711409396
replicate_5,pos3,29,52.73236850649351,1299.6616902834007
replicate_5,pos4,0,1.1311055194805195,2198.987341772152
replicate_5,pos4,1,2.9104594155844157,2398.162601626016
replicate_5,pos4,2,4.689813311688312,2394.7978723404253
replicate_5,pos4,3,6.469167207792207,2181.95
replicate_5,pos4,4,8.248521103896104,2005.513888888889
replicate_5,pos4,5,10.027875,1820.0142999667441
replicate_5,pos4,6,11.807228896103897,1727.6518987341772
replicate_5,pos4,7,13.586582792207793,1678.2171105730426
replicate_5,pos4,8,15.365936688311688,1637.0024687294272
replicate_5,pos4,9,17.145290584415584,1635.6315789473683
replicate_5,pos4,10,18.924644480519483,1559.9746835443038
replicate_5,pos4,11,20.703998376623375,1534.719512195122
replicate_5,pos4,12,22.483352272727274,1522.3692307692309
replicate_5,pos4,13,24.26270616883117,1488.855072463768
replicate_5,pos4,14,26.042060064935065,1387.989010989011
replicate_5,pos4,15,27.821413961038964,1336.0712510356257
replicate_5,pos4,16,29.600767857142856,1349.3690629011553
replicate_5,pos4,17,31.380121753246755,1364.44
replicate_5,pos4,18,33.159475649350654,1341.8004385964912
replicate_5,pos4,19,34.938829545454546,1318.6
replicate_5,pos4,20,36.71818344155844,1329.0454545454545
replicate_5,pos4,21,38.49753733766234,1391.595744680851
replicate_5,pos4,22,40.276891233766236,1398.7154471544716
replicate_5,pos4,23,42.056245129870135,1399.8252427184466
replicate_5,pos4,24,43.83559902597403,1436.7531379640463
replicate_5,pos4,25,45.61495292207792,1424.5475551580203
replicate_5,pos4,26,47.39430681818182,1296.6210947930574
replicate_5,pos4,27,49.17366071428572,1121.2176896207586
replicate_5,pos4,28,50.953014610389616,981.5598634163209
replicate_5,pos4,29,52.73236850649351,802.0343258891646
replicate_5,pos5,0,1.1311055194805195,2342.5238095238096
replicate_5,pos5,1,2.9104594155844157,2501.453488372093
replicate_5,pos5,2,4.689813311688312,2494.3454692556634
replicate_5,pos5,3,6.469167207792207,2338.872340425532
replicate_5,pos5,4,8.248521103896104,2318.8947368421054
replicate_5,pos5,5,10.027875,2059.424242424242
replicate_5,pos5,6,11.807228896103897,1978.3978494623657
replicate_5,pos5,7,13.586582792207793,1894.34375
replicate_5,pos5,8,15.365936688311688,1832.638888888889
replicate_5,pos5,9,17.145290584415584,1840.5405765503874
replicate_5,pos5,10,18.924644480519483,1652.655844155844
replicate_5,pos5,11,20.703998376623375,1689.9895833333333
replicate_5,pos5,12,22.483352272727274,1713.7613636363635
replicate_5,pos5,13,24.26270616883117,1729.0246913580247
replicate_5,pos5,14,26.042060064935065,1539.8963152676802
replicate_5,pos5,15,27.821413961038964,1532.703778075264
replicate_5,pos5,16,29.600767857142856,1543.8069813500579
replicate_5,pos5,17,31.380121753246755,1542.8116883116886
replicate_5,pos5,18,33.159475649350654,1458.8490566037735
replicate_5,pos5,19,34.938829545454546,1490.9558479532166
replicate_5,pos5,20,36.71818344155844,1534.4109499221374
replicate_5,pos5,21,38.49753733766234,1537.9504573170732
replicate_5,pos5,22,40.276891233766236,1594.344827586207
replicate_5,pos5,23,42.056245129870135,1559.424191211975
replicate_5,pos5,24,43.83559902597403,1510.7132012352033
replicate_5,pos5,25,45.61495292207792,1423.152380952381
replicate_5,pos5,26,47.39430681818182,1338.5762711864406
replicate_5,pos5,27,49.17366071428572,1151.2894736842106
replicate_5,pos5,28,50.953014610389616,1065.9330801466735
replicate_5,pos5,29,52.73236850649351,865.429588963964
replicate_5,pos6,0,1.1311055194805195,2266.176056338028
replicate_5,pos6,1,2.9104594155844157,2507.5364583333335
replicate_5,pos6,2,4.689813311688312,2371.925806451613
replicate_5,pos6,3,6.469167207792207,2373.0704225352115
replicate_5,pos6,4,8.248521103896104,2168.682119205298
replicate_5,pos6,5,10.027875,2138.030612244898
replicate_5,pos6,6,11.807228896103897,1978.6270799950696
replicate_5,pos6,7,13.586582792207793,1841.478723404255
replicate_5,pos6,8,15.365936688311688,1784.2941176470588
replicate_5,pos6,9,17.145290584415584,1743.0361445783133
replicate_5,pos6,10,18.924644480519483,1660.159420289855
replicate_5,pos6,11,20.703998376623375,1617.758064516129
replicate_5,pos6,12,22.483352272727274,1588.042553191489
replicate_5,pos6,13,24.26270616883117,1552.6236559139784
replicate_5,pos6,14,26.042060064935065,1595.3386491557226
replicate_5,pos6,15,27.821413961038964,1543.68
replicate_5,pos6,16,29.600767857142856,1482.7733932733931
replicate_5,pos6,17,31.380121753246755,1491.6797752808989
replicate_5,pos6,18,33.159475649350654,1555.197860962567
replicate_5,pos6,19,34.938829545454546,1517.380604288499
replicate_5,pos6,20,36.71818344155844,1384.84126984127
replicate_5,pos6,21,38.49753733766234,1378.4065934065934
replicate_5,pos6,22,40.276891233766236,1361.9035409035407
replicate_5,pos6,23,42.056245129870135,1320.1656441717791
replicate_5,pos6,24,43.83559902597403,1338.3370786516855
replicate_5,pos6,25,45.61495292207792,1352.5824175824175
replicate_5,pos6,26,47.39430681818182,1278.1028951486699
replicate_5,pos6,27,49.17366071428572,1130.7454643112915
replicate_5,pos6,28,50.953014610389616,1082.3798449612402
replicate_5,pos7,0,1.1311055194805195,2473.007692307692
replicate_5,pos7,1,2.9104594155844157,2588.2600464576076
replicate_5,pos7,2,4.689813311688312,2635.189964755192
replicate_5,pos7,3,6.469167207792207,2467.5482100641675
replicate_5,pos7,4,8.248521103896104,2409.50641025641
replicate_5,pos7,5,10.027875,2251.035294117647
replicate_5,pos7,6,11.807228896103897,2156.7093023255816
replicate_5,pos7,7,13.586582792207793,2040.4789855072463
replicate_5,pos7,8,15.365936688311688,1877.3815789473683
replicate_5,pos7,9,17.145290584415584,1821.6875
replicate_5,pos7,10,18.924644480519483,1699.090909090909
replicate_5,pos7,11,20.703998376623375,1746.270588235294
replicate_5,pos7,12,22.483352272727274,1630.7782352941176
replicate_5,pos7,13,24.26270616883117,1670.4166666666667
replicate_5,pos7,14,26.042060064935065,1627.0379746835442
replicate_5,pos7,15,27.821413961038964,1577.8906885010758
replicate_5,pos7,16,29.600767857142856,1599.396551724138
replicate_5,pos7,17,31.380121753246755,1538.3333333333333
replicate_5,pos7,18,33.159475649350654,1471.2380952380952
replicate_5,pos7,19,34.938829545454546,1421.0204081632653
replicate_5,pos7,20,36.71818344155844,1381.2083333333333
replicate_5,pos7,21,38.49753733766234,1418.5301204819275
replicate_5,pos7,22,40.276891233766236,1557.2009600614438
replicate_5,pos7,23,42.056245129870135,1456.4277121260513
replicate_5,pos7,24,43.83559902597403,1464.3706742102781
replicate_5,pos7,25,45.61495292207792,1382.0727272727272
replicate_5,pos7,26,47.39430681818182,1243.9431728179948
replicate_5,pos7,27,49.17366071428572,1073.8316469088245
replicate_5,pos7,28,50.953014610389616,969.2442244224422
replicate_5,pos7,29,52.73236850649351,1051.029702970297
replicate_5,pos8,0,1.1311055194805195,2204.567400734067
replicate_5,pos8,1,2.9104594155844157,2402.041458593425
replicate_5,pos8,2,4.689813311688312,2447.5072463768115
replicate_5,pos8,3,6.469167207792207,2395.1717830109337
replicate_5,pos8,4,8.248521103896104,1982.7222222222222
replicate_5,pos8,5,10.027875,2003.1237113402065
replicate_5,pos8,6,11.807228896103897,1971.8
replicate_5,pos8,7,13.586582792207793,1874.8309431880862
replicate_5,pos8,8,15.365936688311688,1780.7883522727273
replicate_5,pos8,9,17.145290584415584,1760.027027027027
replicate_5,pos8,10,18.924644480519483,1727.7064102564104
replicate_5,pos8,11,20.703998376623375,1780.795921198668
replicate_5,pos8,12,22.483352272727274,1775.0889450056115
replicate_5,pos8,13,24.26270616883117,1756.0592579463546
replicate_5,pos8,14,26.042060064935065,1713.3988497256228
replicate_5,pos8,15,27.821413961038964,1587.0927125506073
replicate_5,pos8,16,29.600767857142856,1553.5556617295747
replicate_5,pos8,17,31.380121753246755,1591.8846086346084
replicate_5,pos8,18,33.159475649350654,1547.3058823529411
replicate_5,pos8,19,34.938829545454546,1538.5816326530612
replicate_5,pos8,20,36.71818344155844,1521.8234567901234
replicate_5,pos8,21,38.49753733766234,1499.1797752808989
replicate_5,pos8,22,40.276891233766236,1453.8101265822784
replicate_5,pos8,23,42.056245129870135,1503.4432432432432
replicate_5,pos8,24,43.83559902597403,1429.5257731958764
replicate_5,pos8,25,45.61495292207792,1349.514855072464
replicate_5,pos8,26,47.39430681818182,1271.4605590328388
replicate_5,pos8,27,49.17366071428572,1080.3473684210526
replicate_5,pos8,28,50.953014610389616,869.6890921653448
replicate_5,pos8,29,52.73236850649351,1316.775462962963
replicate_5,pos9,0,1.1311055194805195,2096.086969851814
replicate_5,pos9,1,2.9104594155844157,2333.165434624777
replicate_5,pos9,2,4.689813311688312,2394.7327586206898
replicate_5,pos9,3,6.469167207792207,2263.964912280702
replicate_5,pos9,4,8.248521103896104,2170.5538461538463
replicate_5,pos9,5,10.027875,2152.5634032634034
replicate_5,pos9,6,11.807228896103897,2160.340981432361
replicate_5,pos9,7,13.586582792207793,1949.0185185185187
replicate_5,pos9,8,15.365936688311688,1851.6363636363635
replicate_5,pos9,9,17.145290584415584,1759.0506329113923
replicate_5,pos9,10,18.924644480519483,1662.989247311828
replicate_5,pos9,11,20.703998376623375,1665.217105263158
replicate_5,pos9,12,22.483352272727274,1665.060606060606
replicate_5,pos9,13,24.26270616883117,1604.3299232736574
replicate_5,pos9,14,26.042060064935065,1617.6341463414635
replicate_5,pos9,15,27.821413961038964,1666.6893203883494
replicate_5,pos9,16,29.600767857142856,1582.44776119403
replicate_5,pos9,17,31.380121753246755,1506.3426329555361
replicate_5,pos9,18,33.159475649350654,1487.5407849172757
replicate_5,pos9,19,34.938829545454546,1492.1042523033307
replicate_5,pos9,20,36.71818344155844,1502.06
replicate_5,pos9,21,38.49753733766234,1527.9151138716356
replicate_5,pos9,22,40.276891233766236,1559.8631578947368
replicate_5,pos9,23,42.056245129870135,1545.7619047619048
replicate_5,pos9,24,43.83559902597403,1441.2754135674513
replicate_5,pos9,25,45.61495292207792,1408.6140635878392
replicate_5,pos9,26,47.39430681818182,1369.172131147541
replicate_5,pos9,27,49.17366071428572,1187.5207103123664
replicate_5,pos9,28,50.953014610389616,1055.045197740113
replicate_5,pos9,29,52.73236850649351,995.4806547619048
