replicate,pos,y_bin,median_intensity
replicate_4,pos10,0.0,297.94444444444446
replicate_4,pos10,1.0,340.30434782608694
replicate_4,pos10,2.0,378.6986301369863
replicate_4,pos10,3.0,353.875
replicate_4,pos10,4.0,358.078125
replicate_4,pos10,5.0,314.0
replicate_4,pos10,6.0,278.7317073170732
replicate_4,pos10,7.0,246.52557544757036
replicate_4,pos10,8.0,240.3205128205128
replicate_4,pos10,9.0,228.5
replicate_4,pos10,10.0,217.3141891891892
replicate_4,pos10,11.0,219.17575083426027
replicate_4,pos10,12.0,211.7391304347826
replicate_4,pos10,13.0,208.18666666666667
replicate_4,pos10,14.0,200.0
replicate_4,pos10,15.0,195.16129032258064
replicate_4,pos10,16.0,194.93243243243245
replicate_4,pos10,17.0,188.2982456140351
replicate_4,pos10,18.0,190.8548387096774
replicate_4,pos10,19.0,191.72131147540983
replicate_4,pos10,20.0,185.79166666666663
replicate_4,pos10,21.0,191.89673913043475
replicate_4,pos10,22.0,189.03297682709447
replicate_4,pos10,23.0,195.7012121212121
replicate_4,pos10,24.0,203.9046218487395
replicate_4,pos10,25.0,208.79070294784583
replicate_4,pos10,26.0,211.45728980322002
replicate_4,pos10,27.0,211.54032258064515
replicate_4,pos10,28.0,218.6882154882155
replicate_4,pos10,29.0,219.38107563991946
replicate_4,pos14,0.0,297.0289855072464
replicate_4,pos14,1.0,332.29569892473114
replicate_4,pos14,2.0,362.390625
replicate_4,pos14,3.0,394.8474576271187
replicate_4,pos14,4.0,349.60377358490564
replicate_4,pos14,5.0,305.8421052631579
replicate_4,pos14,6.0,301.2175
replicate_4,pos14,7.0,287.9620253164557
replicate_4,pos14,8.0,266.6930995043843
replicate_4,pos14,9.0,245.53787878787878
replicate_4,pos14,10.0,239.48571428571432
replicate_4,pos14,11.0,227.20408163265307
replicate_4,pos14,12.0,221.8571428571429
replicate_4,pos14,13.0,223.4028735632184
replicate_4,pos14,14.0,216.94049247606017
replicate_4,pos14,15.0,210.93939393939394
replicate_4,pos14,16.0,206.81349206349205
replicate_4,pos14,17.0,200.0888888888889
replicate_4,pos14,18.0,195.49696969696967
replicate_4,pos14,19.0,196.25240237170314
replicate_4,pos14,20.0,194.83277027027026
replicate_4,pos14,21.0,193.57895569620254
replicate_4,pos14,22.0,192.694374323837
replicate_4,pos14,23.0,194.0204081632653
replicate_4,pos14,24.0,193.53535353535352
replicate_4,pos14,25.0,197.98467938311688
replicate_4,pos14,26.0,204.453125
replicate_4,pos14,27.0,211.62614379084965
replicate_4,pos14,28.0,212.93352059925098
replicate_4,pos14,29.0,217.5529411764706
replicate_4,pos17,0.0,295.2739726027397
replicate_4,pos17,1.0,344.46000000000004
replicate_4,pos17,2.0,353.43979328165375
replicate_4,pos17,3.0,321.5385878489327
replicate_4,pos17,4.0,352.7352941176471
replicate_4,pos17,5.0,315.2692307692308
replicate_4,pos17,6.0,303.77777777777777
replicate_4,pos17,7.0,297.17511520737327
replicate_4,pos17,8.0,262.98079268292685
replicate_4,pos17,9.0,256.2926296866975
replicate_4,pos17,10.0,240.03846153846155
replicate_4,pos17,11.0,232.8709677419355
replicate_4,pos17,12.0,236.28888888888886
replicate_4,pos17,13.0,247.32949308755758
replicate_4,pos17,14.0,228.11472065285625
replicate_4,pos17,15.0,212.45098039215685
replicate_4,pos17,16.0,204.5173237753883
replicate_4,pos17,17.0,205.74555903866246
replicate_4,pos17,18.0,205.475
replicate_4,pos17,19.0,200.6984126984127
replicate_4,pos17,20.0,203.9
replicate_4,pos17,21.0,198.81632653061223
replicate_4,pos17,22.0,196.575
replicate_4,pos17,23.0,200.52
replicate_4,pos17,24.0,202.2785087719298
replicate_4,pos17,25.0,201.1071428571429
replicate_4,pos17,26.0,209.7783816425121
replicate_4,pos17,27.0,218.84615384615384
replicate_4,pos17,28.0,219.93421052631575
replicate_4,pos17,29.0,225.45343137254903
replicate_4,pos18,0.0,316.2173913043478
replicate_4,pos18,1.0,351.481128478841
replicate_4,pos18,2.0,367.1126760563381
replicate_4,pos18,3.0,354.28203781512605
replicate_4,pos18,4.0,347.08290772897516
replicate_4,pos18,5.0,329.3972602739726
replicate_4,pos18,6.0,290.1636363636364
replicate_4,pos18,7.0,271.4516129032258
replicate_4,pos18,8.0,233.54603701945894
replicate_4,pos18,9.0,220.73584905660377
replicate_4,pos18,10.0,209.525
replicate_4,pos18,11.0,212.38028169014083
replicate_4,pos18,12.0,214.63131921039962
replicate_4,pos18,13.0,211.1875
replicate_4,pos18,14.0,210.43636363636364
replicate_4,pos18,15.0,207.03703703703704
replicate_4,pos18,16.0,196.51351351351352
replicate_4,pos18,17.0,195.50664176006643
replicate_4,pos18,18.0,189.7902097902098
replicate_4,pos18,19.0,193.24242424242425
replicate_4,pos18,20.0,190.42857142857144
replicate_4,pos18,21.0,193.7338416848221
replicate_4,pos18,22.0,192.207898957498
replicate_4,pos18,23.0,197.07792207792207
replicate_4,pos18,24.0,202.26415094339623
replicate_4,pos18,25.0,213.03643790849674
replicate_4,pos18,26.0,219.72039800995026
replicate_4,pos18,27.0,222.94545454545457
replicate_4,pos18,28.0,221.8186233108108
replicate_4,pos18,29.0,228.37662337662337
replicate_4,pos19,0.0,333.93617021276594
replicate_4,pos19,1.0,378.7931034482759
replicate_4,pos19,2.0,392.60408534998703
replicate_4,pos19,3.0,396.9111111111111
replicate_4,pos19,4.0,437.0625
replicate_4,pos19,5.0,420.7541070482247
replicate_4,pos19,6.0,395.3294117647059
replicate_4,pos19,7.0,331.42
replicate_4,pos19,8.0,383.1144781144781
replicate_4,pos19,9.0,403.40909090909093
replicate_4,pos19,10.0,354.9423076923077
replicate_4,pos19,11.0,304.02906976744185
replicate_4,pos19,12.0,287.33095238095234
replicate_4,pos19,13.0,264.3703703703704
replicate_4,pos19,14.0,255.40946904820163
replicate_4,pos19,15.0,253.8295652173913
replicate_4,pos19,16.0,248.80331820760068
replicate_4,pos19,17.0,260.78165213781654
replicate_4,pos19,18.0,250.07190760059612
replicate_4,pos19,19.0,231.86452353616534
replicate_4,pos19,20.0,224.67373737373737
replicate_4,pos19,21.0,228.584229390681
replicate_4,pos19,22.0,228.56410256410257
replicate_4,pos19,23.0,220.90297339593116
replicate_4,pos19,24.0,214.94358974358977
replicate_4,pos19,25.0,224.45965739821253
replicate_4,pos19,26.0,241.13888888888889
replicate_4,pos19,27.0,236.13698630136983
replicate_4,pos19,28.0,245.44
replicate_4,pos19,29.0,345.8
replicate_4,pos23,0.0,267.27777777777777
replicate_4,pos23,1.0,304.79051598837214
replicate_4,pos23,2.0,315.1948275862069
replicate_4,pos23,3.0,322.160606060606
replicate_4,pos23,4.0,315.5718181818182
replicate_4,pos23,5.0,287.09634551495014
replicate_4,pos23,6.0,266.55737704918033
replicate_4,pos23,7.0,237.59746376811592
replicate_4,pos23,8.0,245.22916666666663
replicate_4,pos23,9.0,247.71052631578948
replicate_4,pos23,10.0,225.99091880341882
replicate_4,pos23,11.0,219.9189189189189
replicate_4,pos23,12.0,212.044776119403
replicate_4,pos23,13.0,207.66666666666663
replicate_4,pos23,14.0,202.73076923076923
replicate_4,pos23,15.0,194.171875
replicate_4,pos23,16.0,188.03684448462928
replicate_4,pos23,17.0,184.94871794871796
replicate_4,pos23,18.0,181.1293103448276
replicate_4,pos23,19.0,179.83333333333334
replicate_4,pos23,20.0,175.0569679849341
replicate_4,pos23,21.0,176.07128412537918
replicate_4,pos23,22.0,176.02283653846155
replicate_4,pos23,23.0,172.85
replicate_4,pos23,24.0,173.86301369863014
replicate_4,pos23,25.0,176.3617780661908
replicate_4,pos23,26.0,179.25
replicate_4,pos23,27.0,182.8
replicate_4,pos23,28.0,189.8284244974287
replicate_4,pos23,29.0,191.8019801980198
replicate_4,pos34,0.0,307.2089552238806
replicate_4,pos34,1.0,355.0
replicate_4,pos34,2.0,383.7705570291777
replicate_4,pos34,3.0,413.7518518518518
replicate_4,pos34,4.0,399.68752313957793
replicate_4,pos34,5.0,395.26899624765474
replicate_4,pos34,6.0,411.40909090909093
replicate_4,pos34,7.0,348.7169811320755
replicate_4,pos34,8.0,367.3181818181818
replicate_4,pos34,9.0,349.6875
replicate_4,pos34,10.0,311.35033444816054
replicate_4,pos34,11.0,298.0240963855422
replicate_4,pos34,12.0,274.578125
replicate_4,pos34,13.0,259.4651162790698
replicate_4,pos34,14.0,241.57167832167832
replicate_4,pos34,15.0,221.50819672131144
replicate_4,pos34,16.0,217.05263157894737
replicate_4,pos34,17.0,206.6888888888889
replicate_4,pos34,18.0,211.66129032258064
replicate_4,pos34,19.0,200.74545454545455
replicate_4,pos34,20.0,201.75641025641022
replicate_4,pos34,21.0,195.89322916666669
replicate_4,pos34,22.0,193.36
replicate_4,pos34,23.0,192.3548387096774
replicate_4,pos34,24.0,194.01329787234044
replicate_4,pos34,25.0,194.43333333333334
replicate_4,pos34,26.0,203.1428571428571
replicate_4,pos34,27.0,203.88840579710143
replicate_4,pos34,28.0,209.94296218487398
replicate_4,pos34,29.0,220.13861111111112
replicate_4,pos36,0.0,362.5259131765156
replicate_4,pos36,1.0,429.0434782608696
replicate_4,pos36,2.0,490.73333333333335
replicate_4,pos36,3.0,549.9551282051282
replicate_4,pos36,4.0,607.2280858676208
replicate_4,pos36,5.0,537.7631578947369
replicate_4,pos36,6.0,514.4162194394753
replicate_4,pos36,7.0,496.3037037037037
replicate_4,pos36,8.0,471.03727114210983
replicate_4,pos36,9.0,396.2391304347826
replicate_4,pos36,10.0,409.66886645962734
replicate_4,pos36,11.0,358.36507936507934
replicate_4,pos36,12.0,334.7
replicate_4,pos36,13.0,333.17391304347825
replicate_4,pos36,14.0,294.723106060606
replicate_4,pos36,15.0,274.79080459770114
replicate_4,pos36,16.0,260.75
replicate_4,pos36,17.0,252.04851031321618
replicate_4,pos36,18.0,245.54237288135593
replicate_4,pos36,19.0,230.48387096774192
replicate_4,pos36,20.0,228.2786211258697
replicate_4,pos36,21.0,218.95643939393943
replicate_4,pos36,22.0,214.1459781529295
replicate_4,pos36,23.0,214.55555555555551
replicate_4,pos36,24.0,217.02822390174777
replicate_4,pos36,25.0,223.96296296296296
replicate_4,pos36,26.0,224.7058823529412
replicate_4,pos36,27.0,244.61111111111111
replicate_4,pos36,28.0,239.8571428571429
replicate_4,pos36,29.0,238.21818181818185
replicate_4,pos37,0.0,278.25531914893617
replicate_4,pos37,1.0,340.18966346153843
replicate_4,pos37,2.0,363.08560606060604
replicate_4,pos37,3.0,374.23247809762205
replicate_4,pos37,4.0,371.7954545454545
replicate_4,pos37,5.0,363.7861904761905
replicate_4,pos37,6.0,345.19557823129253
replicate_4,pos37,7.0,318.9056603773585
replicate_4,pos37,8.0,302.98275862068965
replicate_4,pos37,9.0,282.655737704918
replicate_4,pos37,10.0,271.43379675604103
replicate_4,pos37,11.0,277.54285714285714
replicate_4,pos37,12.0,260.97058823529414
replicate_4,pos37,13.0,240.98057184750732
replicate_4,pos37,14.0,226.10374149659862
replicate_4,pos37,15.0,226.26141686182672
replicate_4,pos37,16.0,225.44117647058823
replicate_4,pos37,17.0,213.92857142857144
replicate_4,pos37,18.0,208.09230769230768
replicate_4,pos37,19.0,208.3134328358209
replicate_4,pos37,20.0,202.83928571428572
replicate_4,pos37,21.0,205.22676767676768
replicate_4,pos37,22.0,214.83870967741936
replicate_4,pos37,23.0,212.91666666666663
replicate_4,pos37,24.0,222.3088061465721
replicate_4,pos37,25.0,216.6930894308943
replicate_4,pos37,26.0,217.05008210180623
replicate_4,pos37,27.0,214.5715713714514
replicate_4,pos37,28.0,220.10507482108005
replicate_4,pos37,29.0,227.08510638297872
replicate_4,pos38,0.0,329.2110354434298
replicate_4,pos38,1.0,366.54761904761904
replicate_4,pos38,2.0,415.2716049382716
replicate_4,pos38,3.0,422.97435897435895
replicate_4,pos38,4.0,440.6200510855683
replicate_4,pos38,5.0,433.1111111111111
replicate_4,pos38,6.0,399.96153846153845
replicate_4,pos38,7.0,403.7636363636363
replicate_4,pos38,8.0,383.9453125
replicate_4,pos38,9.0,354.40666666666664
replicate_4,pos38,10.0,317.06329923273654
replicate_4,pos38,11.0,298.8634930643127
replicate_4,pos38,12.0,294.55405405405406
replicate_4,pos38,13.0,277.5775862068965
replicate_4,pos38,14.0,254.70888888888888
replicate_4,pos38,15.0,229.91071428571428
replicate_4,pos38,16.0,228.64375788146282
replicate_4,pos38,17.0,233.59451219512195
replicate_4,pos38,18.0,241.57142857142856
replicate_4,pos38,19.0,228.33196918632643
replicate_4,pos38,20.0,231.69278996865205
replicate_4,pos38,21.0,231.609243697479
replicate_4,pos38,22.0,225.45537084398978
replicate_4,pos38,23.0,241.26705780095614
replicate_4,pos38,24.0,224.77462121212122
replicate_4,pos38,25.0,221.32488479262673
replicate_4,pos38,26.0,230.22806603773586
replicate_4,pos38,27.0,238.24565972222223
replicate_4,pos38,28.0,246.38548636129696
replicate_4,pos38,29.0,266.03389830508473
replicate_4,pos39,0.0,319.07214857774096
replicate_4,pos39,1.0,342.0862643465383
replicate_4,pos39,2.0,377.8167808219178
replicate_4,pos39,3.0,382.6666666666667
replicate_4,pos39,4.0,413.3815789473685
replicate_4,pos39,5.0,412.90425531914894
replicate_4,pos39,6.0,388.12
replicate_4,pos39,7.0,371.68263403263404
replicate_4,pos39,8.0,324.9310344827586
replicate_4,pos39,9.0,317.3718220338983
replicate_4,pos39,10.0,316.29385964912285
replicate_4,pos39,11.0,297.72640562249
replicate_4,pos39,12.0,268.125
replicate_4,pos39,13.0,247.93308423913044
replicate_4,pos39,14.0,238.8703703703704
replicate_4,pos39,15.0,228.4581818181818
replicate_4,pos39,16.0,232.51749999999998
replicate_4,pos39,17.0,218.70845070422536
replicate_4,pos39,18.0,216.5645833333333
replicate_4,pos39,19.0,210.87600644122384
replicate_4,pos39,20.0,211.4406779661017
replicate_4,pos39,21.0,213.481884057971
replicate_4,pos39,22.0,208.8801169590643
replicate_4,pos39,23.0,204.01854838709676
replicate_4,pos39,24.0,206.1034482758621
replicate_4,pos39,25.0,203.86363636363637
replicate_4,pos39,26.0,207.46499999999997
replicate_4,pos39,27.0,210.14067380633645
replicate_4,pos39,28.0,221.68522930315663
replicate_4,pos39,29.0,235.73214285714283
replicate_4,pos8,0.0,296.3317307692308
replicate_4,pos8,1.0,349.9367088607595
replicate_4,pos8,2.0,411.52923076923076
replicate_4,pos8,3.0,374.3863636363636
replicate_4,pos8,4.0,362.44776119402985
replicate_4,pos8,5.0,358.0
replicate_4,pos8,6.0,334.5
replicate_4,pos8,7.0,326.5217391304348
replicate_4,pos8,8.0,323.5
replicate_4,pos8,9.0,301.1666666666667
replicate_4,pos8,10.0,295.0769230769231
replicate_4,pos8,11.0,277.2340425531915
replicate_4,pos8,12.0,272.56349206349205
replicate_4,pos8,13.0,260.1928838951311
replicate_4,pos8,14.0,258.8936170212766
replicate_4,pos8,15.0,269.6521739130435
replicate_4,pos8,16.0,255.05868544600938
replicate_4,pos8,17.0,237.7962962962963
replicate_4,pos8,18.0,232.65215311004783
replicate_4,pos8,19.0,229.06666666666663
replicate_4,pos8,20.0,214.35555555555555
replicate_4,pos8,21.0,214.21818181818185
replicate_4,pos8,22.0,223.02941176470588
replicate_4,pos8,23.0,224.33236500341764
replicate_4,pos8,24.0,231.1071428571429
replicate_4,pos8,25.0,224.425
replicate_4,pos8,26.0,223.96428571428572
replicate_4,pos8,27.0,219.93161764705883
replicate_4,pos8,28.0,216.0353415559772
replicate_4,pos8,29.0,223.39036511156186
replicate_5,pos0,0.0,307.94
replicate_5,pos0,1.0,374.6412024269167
replicate_5,pos0,2.0,416.5970149253731
replicate_5,pos0,3.0,461.0511767925561
replicate_5,pos0,4.0,458.3589861751152
replicate_5,pos0,5.0,475.5738636363636
replicate_5,pos0,6.0,468.4927536231884
replicate_5,pos0,7.0,496.6904761904762
replicate_5,pos0,8.0,487.14413177762526
replicate_5,pos0,9.0,454.3921568627451
replicate_5,pos0,10.0,441.80272596843616
replicate_5,pos0,11.0,405.13526645768025
replicate_5,pos0,12.0,366.05
replicate_5,pos0,13.0,375.7313432835821
replicate_5,pos0,14.0,376.5263157894737
replicate_5,pos0,15.0,309.75434027777777
replicate_5,pos0,16.0,297.06014492753627
replicate_5,pos0,17.0,291.3432558139535
replicate_5,pos0,18.0,284.5657894736842
replicate_5,pos0,19.0,285.15357142857147
replicate_5,pos0,20.0,257.2165898617512
replicate_5,pos0,21.0,251.5535261288686
replicate_5,pos0,22.0,246.17241379310343
replicate_5,pos0,23.0,231.05319148936172
replicate_5,pos0,24.0,237.7775119617225
replicate_5,pos0,25.0,234.3
replicate_5,pos0,26.0,232.77777777777777
replicate_5,pos0,27.0,228.6071428571429
replicate_5,pos0,28.0,235.55969191270862
replicate_5,pos1,0.0,330.56849429912813
replicate_5,pos1,1.0,415.9724629577858
replicate_5,pos1,2.0,451.625
replicate_5,pos1,3.0,486.88976608187136
replicate_5,pos1,4.0,485.79354838709673
replicate_5,pos1,5.0,550.4153846153846
replicate_5,pos1,6.0,509.68333333333334
replicate_5,pos1,7.0,482.7894736842105
replicate_5,pos1,8.0,514.4880952380952
replicate_5,pos1,9.0,486.3125
replicate_5,pos1,10.0,492.2
replicate_5,pos1,11.0,469.3095238095238
replicate_5,pos1,12.0,460.23333333333335
replicate_5,pos1,13.0,402.9487179487179
replicate_5,pos1,14.0,397.12845849802375
replicate_5,pos1,15.0,371.62025316455697
replicate_5,pos1,16.0,360.35245620061835
replicate_5,pos1,17.0,366.38541666666663
replicate_5,pos1,18.0,408.9490284426922
replicate_5,pos1,19.0,346.05405405405406
replicate_5,pos1,20.0,314.5129735339907
replicate_5,pos1,21.0,286.5833333333333
replicate_5,pos1,22.0,288.094512195122
replicate_5,pos1,23.0,274.53125
replicate_5,pos1,24.0,264.4830220713073
replicate_5,pos1,25.0,259.1320754716981
replicate_5,pos1,26.0,277.94415471534114
replicate_5,pos1,27.0,285.1304347826087
replicate_5,pos1,28.0,268.22222222222223
replicate_5,pos2,0.0,323.6666666666667
replicate_5,pos2,1.0,387.5111111111111
replicate_5,pos2,2.0,429.38461538461536
replicate_5,pos2,3.0,463.55
replicate_5,pos2,4.0,513.276932084309
replicate_5,pos2,5.0,527.026388888889
replicate_5,pos2,6.0,532.4666666666667
replicate_5,pos2,7.0,520.5441558441557
replicate_5,pos2,8.0,515.6530555555555
replicate_5,pos2,9.0,521.9264705882352
replicate_5,pos2,10.0,508.46666666666664
replicate_5,pos2,11.0,490.61734928670046
replicate_5,pos2,12.0,494.22058823529414
replicate_5,pos2,13.0,442.74
replicate_5,pos2,14.0,413.07142857142856
replicate_5,pos2,15.0,393.23376623376623
replicate_5,pos2,16.0,334.07894736842104
replicate_5,pos2,17.0,360.2886904761905
replicate_5,pos2,18.0,369.35989010989016
replicate_5,pos2,19.0,314.06976744186045
replicate_5,pos2,20.0,311.05860805860806
replicate_5,pos2,21.0,286.23754494093475
replicate_5,pos2,22.0,288.741935483871
replicate_5,pos2,23.0,276.1212121212121
replicate_5,pos2,24.0,268.32926829268297
replicate_5,pos2,25.0,254.11818181818182
replicate_5,pos2,26.0,255.5823754789272
replicate_5,pos2,27.0,244.22559252011308
replicate_5,pos2,28.0,247.71666666666667
replicate_5,pos2,29.0,303.64150943396226
replicate_5,pos3,0.0,292.35555555555555
replicate_5,pos3,1.0,330.63791432448147
replicate_5,pos3,2.0,335.2734848484848
replicate_5,pos3,3.0,346.3703703703704
replicate_5,pos3,4.0,332.1875
replicate_5,pos3,5.0,367.60737812911725
replicate_5,pos3,6.0,351.6111111111111
replicate_5,pos3,7.0,355.6521739130435
replicate_5,pos3,8.0,345.5696227533083
replicate_5,pos3,9.0,353.60869565217394
replicate_5,pos3,10.0,367.33725029377206
replicate_5,pos3,11.0,362.0444055944056
replicate_5,pos3,12.0,328.37254901960785
replicate_5,pos3,13.0,326.40277777777777
replicate_5,pos3,14.0,282.97080653142007
replicate_5,pos3,15.0,281.47222222222223
replicate_5,pos3,16.0,260.2522321428571
replicate_5,pos3,17.0,265.85559216902504
replicate_5,pos3,18.0,258.9064393939394
replicate_5,pos3,19.0,235.63333333333333
replicate_5,pos3,20.0,222.6170634920635
replicate_5,pos3,21.0,225.96428571428572
replicate_5,pos3,22.0,216.84375
replicate_5,pos3,23.0,220.30506756756756
replicate_5,pos3,24.0,220.5540540540541
replicate_5,pos3,25.0,218.88913870633
replicate_5,pos3,26.0,222.77888343241148
replicate_5,pos3,27.0,238.71507870753933
replicate_5,pos3,28.0,252.025974025974
replicate_5,pos4,0.0,289.1564687975647
replicate_5,pos4,1.0,332.758064516129
replicate_5,pos4,2.0,373.3272727272727
replicate_5,pos4,3.0,364.3895491803279
replicate_5,pos4,4.0,375.95806451612907
replicate_5,pos4,5.0,350.1301247771836
replicate_5,pos4,6.0,350.26666666666665
replicate_5,pos4,7.0,381.3569565217391
replicate_5,pos4,8.0,341.04597701149424
replicate_5,pos4,9.0,285.1666666666667
replicate_5,pos4,10.0,323.843954248366
replicate_5,pos4,11.0,337.9
replicate_5,pos4,12.0,306.68518518518516
replicate_5,pos4,13.0,268.4
replicate_5,pos4,14.0,272.9761904761905
replicate_5,pos4,15.0,277.8907624633431
replicate_5,pos4,16.0,241.41540404040404
replicate_5,pos4,17.0,236.71338383838383
replicate_5,pos4,18.0,234.8309414466131
replicate_5,pos4,19.0,226.8307692307692
replicate_5,pos4,20.0,222.08823529411765
replicate_5,pos4,21.0,212.83098591549296
replicate_5,pos4,22.0,217.91176470588235
replicate_5,pos4,23.0,214.19444444444449
replicate_5,pos4,24.0,214.7173913043478
replicate_5,pos4,25.0,224.36363636363637
replicate_5,pos4,26.0,230.44776119402985
replicate_5,pos4,27.0,239.4406779661017
replicate_5,pos4,28.0,253.71700879765396
replicate_5,pos5,0.0,274.6619718309859
replicate_5,pos5,1.0,312.02941176470586
replicate_5,pos5,2.0,315.3346530920061
replicate_5,pos5,3.0,330.8205128205128
replicate_5,pos5,4.0,351.0575684380033
replicate_5,pos5,5.0,344.1100453435647
replicate_5,pos5,6.0,301.16279069767444
replicate_5,pos5,7.0,284.07433838834373
replicate_5,pos5,8.0,283.23636363636365
replicate_5,pos5,9.0,286.3063673081492
replicate_5,pos5,10.0,290.7608695652174
replicate_5,pos5,11.0,288.74906444906446
replicate_5,pos5,12.0,250.34782608695653
replicate_5,pos5,13.0,264.9076367389061
replicate_5,pos5,14.0,257.68888888888887
replicate_5,pos5,15.0,237.79311639549434
replicate_5,pos5,16.0,216.80769230769232
replicate_5,pos5,17.0,205.42457356076758
replicate_5,pos5,18.0,202.4375
replicate_5,pos5,19.0,199.666412601626
replicate_5,pos5,20.0,194.2154761904762
replicate_5,pos5,21.0,192.6071428571429
replicate_5,pos5,22.0,192.9123781148429
replicate_5,pos5,23.0,201.1891891891892
replicate_5,pos5,24.0,195.0143790849673
replicate_5,pos5,25.0,194.7625
replicate_5,pos5,26.0,196.16417910447765
replicate_5,pos5,27.0,200.2923832923833
replicate_5,pos5,28.0,206.5606060606061
replicate_5,pos6,0.0,340.54651162790697
replicate_5,pos6,1.0,364.41031746031746
replicate_5,pos6,2.0,367.67439974042827
replicate_5,pos6,3.0,397.722816399287
replicate_5,pos6,4.0,395.56
replicate_5,pos6,5.0,365.9117647058824
replicate_5,pos6,6.0,324.3443888193575
replicate_5,pos6,7.0,301.9758358662614
replicate_5,pos6,8.0,312.42857142857144
replicate_5,pos6,9.0,275.3554237879316
replicate_5,pos6,10.0,254.781968031968
replicate_5,pos6,11.0,249.60416666666663
replicate_5,pos6,12.0,241.65840867992767
replicate_5,pos6,13.0,237.47789738891436
replicate_5,pos6,14.0,229.35
replicate_5,pos6,15.0,216.72727272727272
replicate_5,pos6,16.0,214.69731800766283
replicate_5,pos6,17.0,212.94736842105263
replicate_5,pos6,18.0,208.57692307692307
replicate_5,pos6,19.0,207.51558139534882
replicate_5,pos6,20.0,207.43722056631893
replicate_5,pos6,21.0,208.38983050847455
replicate_5,pos6,22.0,207.05
replicate_5,pos6,23.0,202.5084745762712
replicate_5,pos6,24.0,208.078125
replicate_5,pos6,25.0,205.01675824175823
replicate_5,pos6,26.0,215.33333333333337
replicate_5,pos6,27.0,215.79790842283774
replicate_5,pos6,28.0,222.57534246575344
replicate_5,pos6,29.0,229.83765938069217
replicate_5,pos7,0.0,332.3611111111111
replicate_5,pos7,1.0,354.0
replicate_5,pos7,2.0,411.075
replicate_5,pos7,3.0,430.18333333333334
replicate_5,pos7,4.0,468.2750455373406
replicate_5,pos7,5.0,420.5833333333333
replicate_5,pos7,6.0,378.7922240802676
replicate_5,pos7,7.0,413.72058823529414
replicate_5,pos7,8.0,399.0675675675675
replicate_5,pos7,9.0,353.91568396226415
replicate_5,pos7,10.0,324.4225352112676
replicate_5,pos7,11.0,318.32653061224494
replicate_5,pos7,12.0,324.5704022988506
replicate_5,pos7,13.0,304.7818181818182
replicate_5,pos7,14.0,268.40625
replicate_5,pos7,15.0,262.5474828375286
replicate_5,pos7,16.0,250.49180327868856
replicate_5,pos7,17.0,240.32258064516128
replicate_5,pos7,18.0,236.18020367610532
replicate_5,pos7,19.0,220.72706582633052
replicate_5,pos7,20.0,217.0185185185185
replicate_5,pos7,21.0,215.3169934640523
replicate_5,pos7,22.0,217.2343001261034
replicate_5,pos7,23.0,214.31280193236717
replicate_5,pos7,24.0,216.50980392156865
replicate_5,pos7,25.0,224.71153846153845
replicate_5,pos7,26.0,228.10869565217388
replicate_5,pos7,27.0,227.06151898734174
replicate_5,pos7,28.0,215.49253731343285
replicate_5,pos8,0.0,297.86041666666665
replicate_5,pos8,1.0,360.3555555555555
replicate_5,pos8,2.0,411.3776595744681
replicate_5,pos8,3.0,414.4347826086956
replicate_5,pos8,4.0,441.6276901004304
replicate_5,pos8,5.0,413.0610219594595
replicate_5,pos8,6.0,370.8375
replicate_5,pos8,7.0,324.3659673659673
replicate_5,pos8,8.0,345.8373983739837
replicate_5,pos8,9.0,343.0
replicate_5,pos8,10.0,299.1774926490243
replicate_5,pos8,11.0,291.86458333333337
replicate_5,pos8,12.0,281.54702329594477
replicate_5,pos8,13.0,276.64814814814815
replicate_5,pos8,14.0,254.17307692307693
replicate_5,pos8,15.0,239.71657633242995
replicate_5,pos8,16.0,223.1206395348837
replicate_5,pos8,17.0,224.74603174603175
replicate_5,pos8,18.0,223.01162790697674
replicate_5,pos8,19.0,212.8181818181818
replicate_5,pos8,20.0,216.40740740740745
replicate_5,pos8,21.0,227.0512771635532
replicate_5,pos8,22.0,219.71875
replicate_5,pos8,23.0,221.68126385809313
replicate_5,pos8,24.0,214.5194805194805
replicate_5,pos8,25.0,215.37313432835822
replicate_5,pos8,26.0,219.6428571428571
replicate_5,pos8,27.0,225.0776811594203
replicate_5,pos8,28.0,225.1517595307918
replicate_5,pos9,0.0,295.72222222222223
replicate_5,pos9,1.0,346.0388497652582
replicate_5,pos9,2.0,363.8611111111111
replicate_5,pos9,3.0,409.3771043771044
replicate_5,pos9,4.0,410.98591549295776
replicate_5,pos9,5.0,413.8064516129032
replicate_5,pos9,6.0,427.67207792207796
replicate_5,pos9,7.0,395.03478260869565
replicate_5,pos9,8.0,365.8536585365854
replicate_5,pos9,9.0,320.1636363636364
replicate_5,pos9,10.0,288.0308851224105
replicate_5,pos9,11.0,308.3488372093023
replicate_5,pos9,12.0,308.24746376811595
replicate_5,pos9,13.0,315.3
replicate_5,pos9,14.0,278.4130434782609
replicate_5,pos9,15.0,276.15856950067473
replicate_5,pos9,16.0,256.0851063829787
replicate_5,pos9,17.0,244.24
replicate_5,pos9,18.0,229.4310185185185
replicate_5,pos9,19.0,219.11175828176192
replicate_5,pos9,20.0,218.9090909090909
replicate_5,pos9,21.0,223.14445387662704
replicate_5,pos9,22.0,223.63587487781035
replicate_5,pos9,23.0,231.02631578947367
replicate_5,pos9,24.0,227.13185185185185
replicate_5,pos9,25.0,209.6031746031746
replicate_5,pos9,26.0,212.3582251082251
replicate_5,pos9,27.0,217.89830508474577
replicate_5,pos9,28.0,216.84516689176152
replicate_7,pos0,0.0,364.19375463306153
replicate_7,pos0,1.0,384.0181818181818
replicate_7,pos0,2.0,421.37525632262475
replicate_7,pos0,3.0,461.4864864864865
replicate_7,pos0,4.0,488.48968784838354
replicate_7,pos0,5.0,520.7222222222222
replicate_7,pos0,6.0,504.2471153846154
replicate_7,pos0,7.0,470.121875
replicate_7,pos0,8.0,451.22222222222223
replicate_7,pos0,9.0,483.3076923076923
replicate_7,pos0,10.0,395.7127659574468
replicate_7,pos0,11.0,416.2962962962963
replicate_7,pos0,12.0,376.8157894736842
replicate_7,pos0,13.0,349.14241917502784
replicate_7,pos0,14.0,296.0496838301716
replicate_7,pos0,15.0,277.19565217391306
replicate_7,pos0,16.0,269.22573099415206
replicate_7,pos0,17.0,262.36381172839504
replicate_7,pos0,18.0,261.5657894736842
replicate_7,pos0,19.0,211.98529411764707
replicate_7,pos0,20.0,195.68323863636363
replicate_7,pos0,21.0,187.67410714285714
replicate_7,pos0,22.0,191.3680371352785
replicate_7,pos0,23.0,179.31171085858585
replicate_7,pos0,24.0,177.15390975667376
replicate_7,pos0,25.0,176.02985074626866
replicate_7,pos0,26.0,177.0496031746032
replicate_7,pos0,27.0,178.17948717948718
replicate_7,pos0,28.0,176.54166666666666
replicate_7,pos0,29.0,174.65277130880298
replicate_7,pos1,0.0,269.3289552238806
replicate_7,pos1,1.0,283.7813432835821
replicate_7,pos1,2.0,315.92
replicate_7,pos1,3.0,334.575
replicate_7,pos1,4.0,335.45205479452056
replicate_7,pos1,5.0,348.36764705882354
replicate_7,pos1,6.0,337.8448275862069
replicate_7,pos1,7.0,350.03968253968253
replicate_7,pos1,8.0,320.4732142857143
replicate_7,pos1,9.0,309.6774193548387
replicate_7,pos1,10.0,300.23690878378375
replicate_7,pos1,11.0,268.3813186813187
replicate_7,pos1,12.0,249.43478260869568
replicate_7,pos1,13.0,261.6744186046511
replicate_7,pos1,14.0,228.27581091772151
replicate_7,pos1,15.0,231.21917808219175
replicate_7,pos1,16.0,230.9122807017544
replicate_7,pos1,17.0,220.8968413978494
replicate_7,pos1,18.0,206.3409090909091
replicate_7,pos1,19.0,199.38289676425268
replicate_7,pos1,20.0,201.55357142857144
replicate_7,pos1,21.0,190.89038461538462
replicate_7,pos1,22.0,191.4
replicate_7,pos1,23.0,192.13793103448276
replicate_7,pos1,24.0,196.28301886792457
replicate_7,pos1,25.0,200.95348837209303
replicate_7,pos1,26.0,210.13971920289856
replicate_7,pos1,27.0,197.01556816528444
replicate_7,pos1,28.0,195.42397981570866
replicate_7,pos15,0.0,290.0789575289575
replicate_7,pos15,1.0,327.78579858379226
replicate_7,pos15,2.0,378.163082437276
replicate_7,pos15,3.0,403.8589743589744
replicate_7,pos15,4.0,383.2399403874814
replicate_7,pos15,5.0,402.04096774193545
replicate_7,pos15,6.0,345.4460784313726
replicate_7,pos15,7.0,336.2098765432099
replicate_7,pos15,8.0,348.9069100391134
replicate_7,pos15,9.0,353.96153846153845
replicate_7,pos15,10.0,343.15384615384613
replicate_7,pos15,11.0,292.60377358490564
replicate_7,pos15,12.0,279.09722222222223
replicate_7,pos15,13.0,274.42
replicate_7,pos15,14.0,258.1277777777778
replicate_7,pos15,15.0,237.52325581395348
replicate_7,pos15,16.0,224.93509418509416
replicate_7,pos15,17.0,214.38666666666663
replicate_7,pos15,18.0,199.49315619967794
replicate_7,pos15,19.0,195.1549295774648
replicate_7,pos15,20.0,184.90384615384616
replicate_7,pos15,21.0,180.38636363636363
replicate_7,pos15,22.0,185.0568181818182
replicate_7,pos15,23.0,186.7628968253968
replicate_7,pos15,24.0,185.67198808003405
replicate_7,pos15,25.0,182.4009433962264
replicate_7,pos15,26.0,182.75384615384615
replicate_7,pos15,27.0,177.61049606131573
replicate_7,pos15,28.0,175.18529974959495
replicate_7,pos18,0.0,296.5326086956522
replicate_7,pos18,1.0,386.9240506329114
replicate_7,pos18,2.0,396.69816779170685
replicate_7,pos18,3.0,412.4743881118881
replicate_7,pos18,4.0,420.8454545454546
replicate_7,pos18,5.0,407.2941176470589
replicate_7,pos18,6.0,405.01666666666665
replicate_7,pos18,7.0,405.34151472650774
replicate_7,pos18,8.0,353.89166666666665
replicate_7,pos18,9.0,310.2133333333333
replicate_7,pos18,10.0,281.2391304347826
replicate_7,pos18,11.0,283.7967948717949
replicate_7,pos18,12.0,268.7284358826912
replicate_7,pos18,13.0,264.768115942029
replicate_7,pos18,14.0,250.20605646630236
replicate_7,pos18,15.0,254.66666666666663
replicate_7,pos18,16.0,249.3809523809524
replicate_7,pos18,17.0,243.79984093319194
replicate_7,pos18,18.0,240.4468085106383
replicate_7,pos18,19.0,233.01392073370457
replicate_7,pos18,20.0,210.31428571428572
replicate_7,pos18,21.0,201.02666666666667
replicate_7,pos18,22.0,202.0943396226415
replicate_7,pos18,23.0,208.62705219308995
replicate_7,pos18,24.0,219.4651515151515
replicate_7,pos18,25.0,195.6153846153846
replicate_7,pos18,26.0,193.74137931034485
replicate_7,pos18,27.0,186.22881355932202
replicate_7,pos18,28.0,179.11111111111111
replicate_7,pos18,29.0,178.390243902439
replicate_7,pos2,0.0,290.1685393258427
replicate_7,pos2,1.0,345.1605392156863
replicate_7,pos2,2.0,355.7391304347826
replicate_7,pos2,3.0,383.31929965249935
replicate_7,pos2,4.0,412.9848484848485
replicate_7,pos2,5.0,410.1114442778611
replicate_7,pos2,6.0,427.66689466484263
replicate_7,pos2,7.0,425.9209257473482
replicate_7,pos2,8.0,386.28
replicate_7,pos2,9.0,377.7
replicate_7,pos2,10.0,348.5409836065574
replicate_7,pos2,11.0,303.8775510204082
replicate_7,pos2,12.0,285.6141199226306
replicate_7,pos2,13.0,292.7473009446694
replicate_7,pos2,14.0,270.7057218144175
replicate_7,pos2,15.0,273.9574468085106
replicate_7,pos2,16.0,269.75428571428574
replicate_7,pos2,17.0,243.3030303030303
replicate_7,pos2,18.0,231.64790800097873
replicate_7,pos2,19.0,225.91830294530155
replicate_7,pos2,20.0,214.08474576271183
replicate_7,pos2,21.0,207.08252164502164
replicate_7,pos2,22.0,197.7116402116402
replicate_7,pos2,23.0,195.5726368159204
replicate_7,pos2,24.0,198.2896223609872
replicate_7,pos2,25.0,215.01438618925832
replicate_7,pos2,26.0,211.3202380952381
replicate_7,pos2,27.0,207.95890410958904
replicate_7,pos2,28.0,197.22222222222223
replicate_7,pos2,29.0,185.61050920910077
replicate_7,pos22,0.0,296.05333333333334
replicate_7,pos22,1.0,312.1173395818313
replicate_7,pos22,2.0,325.85714285714283
replicate_7,pos22,3.0,367.6521739130435
replicate_7,pos22,4.0,357.94029850746267
replicate_7,pos22,5.0,303.50365659777424
replicate_7,pos22,6.0,298.67720588235295
replicate_7,pos22,7.0,293.22727272727275
replicate_7,pos22,8.0,285.44172932330827
replicate_7,pos22,9.0,284.47642991829036
replicate_7,pos22,10.0,242.20454545454547
replicate_7,pos22,11.0,234.77083333333337
replicate_7,pos22,12.0,228.91391391391392
replicate_7,pos22,13.0,224.99506387921025
replicate_7,pos22,14.0,214.67951251646906
replicate_7,pos22,15.0,201.32692307692307
replicate_7,pos22,16.0,198.48979591836735
replicate_7,pos22,17.0,197.8490566037736
replicate_7,pos22,18.0,195.1875
replicate_7,pos22,19.0,192.15555555555557
replicate_7,pos22,20.0,177.1079151366789
replicate_7,pos22,21.0,175.26315789473685
replicate_7,pos22,22.0,175.01724137931035
replicate_7,pos22,23.0,171.75438596491227
replicate_7,pos22,24.0,173.5752688172043
replicate_7,pos22,25.0,172.28947368421052
replicate_7,pos22,26.0,173.60344827586206
replicate_7,pos22,27.0,175.08637254901964
replicate_7,pos22,28.0,175.63943028485758
replicate_7,pos24,0.0,281.03921568627453
replicate_7,pos24,1.0,311.1349206349206
replicate_7,pos24,2.0,344.55357142857144
replicate_7,pos24,3.0,354.8735632183908
replicate_7,pos24,4.0,365.3188188188188
replicate_7,pos24,5.0,309.5945945945946
replicate_7,pos24,6.0,301.6669010782935
replicate_7,pos24,7.0,295.2708333333333
replicate_7,pos24,8.0,278.38461538461536
replicate_7,pos24,9.0,271.17474827768945
replicate_7,pos24,10.0,269.8695652173913
replicate_7,pos24,11.0,259.35135135135135
replicate_7,pos24,12.0,240.0289855072464
replicate_7,pos24,13.0,249.19940476190476
replicate_7,pos24,14.0,239.83333333333337
replicate_7,pos24,15.0,230.1997885835095
replicate_7,pos24,16.0,229.52631578947367
replicate_7,pos24,17.0,217.8051948051948
replicate_7,pos24,18.0,198.3104761904762
replicate_7,pos24,19.0,200.20889894419307
replicate_7,pos24,20.0,193.55916666666667
replicate_7,pos24,21.0,197.2051282051282
replicate_7,pos24,22.0,200.15277777777777
replicate_7,pos24,23.0,197.175
replicate_7,pos24,24.0,188.1428571428571
replicate_7,pos24,25.0,188.21666666666667
replicate_7,pos24,26.0,188.71428571428572
replicate_7,pos24,27.0,190.90371137304874
replicate_7,pos24,28.0,194.33
replicate_7,pos24,29.0,185.7372093023256
replicate_7,pos3,0.0,286.8
replicate_7,pos3,1.0,358.8775510204082
replicate_7,pos3,2.0,372.2352941176471
replicate_7,pos3,3.0,433.28767123287673
replicate_7,pos3,4.0,441.3526785714286
replicate_7,pos3,5.0,466.7541771094403
replicate_7,pos3,6.0,442.1634485094851
replicate_7,pos3,7.0,384.7450314465409
replicate_7,pos3,8.0,365.793956043956
replicate_7,pos3,9.0,347.719298245614
replicate_7,pos3,10.0,323.38544061302684
replicate_7,pos3,11.0,321.3351851851852
replicate_7,pos3,12.0,291.5681818181818
replicate_7,pos3,13.0,258.0952380952381
replicate_7,pos3,14.0,257.92857142857144
replicate_7,pos3,15.0,243.9709181011998
replicate_7,pos3,16.0,231.92
replicate_7,pos3,17.0,226.9
replicate_7,pos3,18.0,242.0253164556962
replicate_7,pos3,19.0,228.33173076923077
replicate_7,pos3,20.0,212.28205128205127
replicate_7,pos3,21.0,201.39935064935065
replicate_7,pos3,22.0,197.30071862907684
replicate_7,pos3,23.0,187.80246913580248
replicate_7,pos3,24.0,187.868636755824
replicate_7,pos3,25.0,186.35909090909092
replicate_7,pos3,26.0,185.1692307692308
replicate_7,pos3,27.0,187.5230308219178
replicate_7,pos3,28.0,183.5505617977528
replicate_7,pos3,29.0,183.54444444444445
replicate_7,pos5,0.0,264.815
replicate_7,pos5,1.0,319.9230769230769
replicate_7,pos5,2.0,337.969002016129
replicate_7,pos5,3.0,377.8421052631579
replicate_7,pos5,4.0,406.0925925925926
replicate_7,pos5,5.0,406.6470588235294
replicate_7,pos5,6.0,414.6246733855916
replicate_7,pos5,7.0,372.6842105263158
replicate_7,pos5,8.0,368.5692307692308
replicate_7,pos5,9.0,339.0524489795919
replicate_7,pos5,10.0,309.8647798742138
replicate_7,pos5,11.0,290.4193548387097
replicate_7,pos5,12.0,267.33962264150944
replicate_7,pos5,13.0,245.445
replicate_7,pos5,14.0,243.01111111111112
replicate_7,pos5,15.0,249.4318181818182
replicate_7,pos5,16.0,241.78571428571428
replicate_7,pos5,17.0,231.81397306397307
replicate_7,pos5,18.0,214.35135135135135
replicate_7,pos5,19.0,208.6296296296296
replicate_7,pos5,20.0,200.16901408450704
replicate_7,pos5,21.0,195.3846153846154
replicate_7,pos5,22.0,190.26829268292684
replicate_7,pos5,23.0,187.58823529411765
replicate_7,pos5,24.0,184.08901515151518
replicate_7,pos5,25.0,180.57142857142856
replicate_7,pos5,26.0,180.74198698994678
replicate_7,pos5,27.0,183.44444444444449
replicate_7,pos5,28.0,176.21431327160494
replicate_7,pos5,29.0,181.1071428571429
replicate_7,pos6,0.0,275.4
replicate_7,pos6,1.0,326.5814732142857
replicate_7,pos6,2.0,363.4307692307692
replicate_7,pos6,3.0,418.8955223880597
replicate_7,pos6,4.0,489.33333333333337
replicate_7,pos6,5.0,506.2089552238806
replicate_7,pos6,6.0,520.7026224641266
replicate_7,pos6,7.0,519.433962264151
replicate_7,pos6,8.0,537.4042553191489
replicate_7,pos6,9.0,530.9649122807018
replicate_7,pos6,10.0,503.2037037037037
replicate_7,pos6,11.0,468.89875
replicate_7,pos6,12.0,419.00875987633117
replicate_7,pos6,13.0,449.1940298507463
replicate_7,pos6,14.0,436.8873355263157
replicate_7,pos6,15.0,411.03382352941173
replicate_7,pos6,16.0,369.99264705882354
replicate_7,pos6,17.0,319.84313725490193
replicate_7,pos6,18.0,300.2362573099415
replicate_7,pos6,19.0,274.7910447761194
replicate_7,pos6,20.0,271.26153846153846
replicate_7,pos6,21.0,245.56285714285713
replicate_7,pos6,22.0,226.44
replicate_7,pos6,23.0,217.64835164835165
replicate_7,pos6,24.0,211.33489827856027
replicate_7,pos6,25.0,209.8025793650794
replicate_7,pos6,26.0,196.17391304347825
replicate_7,pos6,27.0,190.14925745041364
replicate_7,pos6,28.0,189.3877551020408
replicate_7,pos7,0.0,279.4583333333333
replicate_7,pos7,1.0,306.33870967741933
replicate_7,pos7,2.0,348.3018018018018
replicate_7,pos7,3.0,342.1276595744681
replicate_7,pos7,4.0,347.25
replicate_7,pos7,5.0,350.8529411764706
replicate_7,pos7,6.0,327.0487804878049
replicate_7,pos7,7.0,299.17241379310343
replicate_7,pos7,8.0,283.7766577060932
replicate_7,pos7,9.0,266.0688492063492
replicate_7,pos7,10.0,272.42424242424244
replicate_7,pos7,11.0,264.5113636363636
replicate_7,pos7,12.0,271.859375
replicate_7,pos7,13.0,264.09256844850063
replicate_7,pos7,14.0,274.3207547169811
replicate_7,pos7,15.0,235.6974637681159
replicate_7,pos7,16.0,224.57894736842104
replicate_7,pos7,17.0,217.0151351351351
replicate_7,pos7,18.0,205.97843340234647
replicate_7,pos7,19.0,205.15404761904762
replicate_7,pos7,20.0,215.36498946259218
replicate_7,pos7,21.0,200.5
replicate_7,pos7,22.0,197.51446051167963
replicate_7,pos7,23.0,195.14750351617442
replicate_7,pos7,24.0,195.07501172058136
replicate_7,pos7,25.0,191.06666666666663
replicate_7,pos7,26.0,191.75040257648953
replicate_7,pos7,27.0,188.53873598369012
replicate_7,pos7,28.0,191.1
replicate_7,pos7,29.0,182.91666666666663
