replicate,pos,y_bin,y_um,median_intensity,corrected_intensity
replicate_5,pos0,0,0.75,299.0016227180528,137.67202670709068
replicate_5,pos0,1,2.25,358.90909090909093,197.57949489812887
replicate_5,pos0,2,3.75,398.1372549019608,236.8076588909987
replicate_5,pos0,3,5.25,418.36206896551727,257.0324729545552
replicate_5,pos0,4,6.75,454.2680045011253,292.9384084901632
replicate_5,pos0,5,8.25,439.8125,278.48290398903794
replicate_5,pos0,6,9.75,472.59722222222223,311.26762621126016
replicate_5,pos0,7,11.25,448.58980521123203,287.26020920026997
replicate_5,pos0,8,12.75,456.768115942029,295.43851993106693
replicate_5,pos0,9,14.25,482.515625,321.18602898903794
replicate_5,pos0,10,15.75,454.06944444444446,292.7398484334824
replicate_5,pos0,11,17.25,449.55555555555554,288.2259595445935
replicate_5,pos0,12,18.75,411.17105263157896,249.8414566206169
replicate_5,pos0,13,20.25,378.9387755102041,217.60917949924203
replicate_5,pos0,14,21.75,357.6649350649351,196.335339053973
replicate_5,pos0,15,23.25,353.86486486486484,192.53526885390278
replicate_5,pos0,16,24.75,349.9795918367347,188.64999582577263
replicate_5,pos0,17,26.25,328.5869565217391,167.25736051077706
replicate_5,pos0,18,27.75,288.7409090909091,127.41131307994704
replicate_5,pos0,19,29.25,281.2351449275362,119.90554891657416
replicate_5,pos0,20,30.75,282.96610169491527,121.6365056839532
replicate_5,pos0,21,32.25,280.5333333333333,119.20373732237127
replicate_5,pos0,22,33.75,267.3915317559153,106.06193574495325
replicate_5,pos0,23,35.25,264.2439024390244,102.91430642806233
replicate_5,pos0,24,36.75,249.39324534161494,88.06364933065286
replicate_5,pos0,25,38.25,239.9058441558442,78.57624814488211
replicate_5,pos0,26,39.75,234.23840852130326,72.9088125103412
replicate_5,pos0,27,41.25,218.32491803278688,56.99532202182482
replicate_5,pos0,28,42.75,224.7770114942529,63.447415483290825
replicate_5,pos0,29,44.25,224.58052884615384,63.250932835191776
replicate_5,pos0,30,45.75,223.44444444444449,62.11484843348242
replicate_5,pos0,31,47.25,227.484375,66.15477898903794
replicate_5,pos0,32,48.75,210.6764705882353,49.34687457727324
replicate_5,pos0,33,50.25,221.9613022113022,60.63170620034015
replicate_5,pos0,34,51.75,225.34782608695653,64.01823007599447
replicate_5,pos1,0,0.75,322.04,160.71040398903796
replicate_5,pos1,1,2.25,376.70354609929075,215.3739500883287
replicate_5,pos1,2,3.75,432.41975308641975,271.0901570754577
replicate_5,pos1,3,5.25,455.93055555555554,294.6009595445935
replicate_5,pos1,4,6.75,483.8650793650794,322.53548335411733
replicate_5,pos1,5,8.25,501.40609390609393,340.07649789513187
replicate_5,pos1,6,9.75,547.6176470588235,386.2880510478615
replicate_5,pos1,7,11.25,522.9683333333332,361.63873732237124
replicate_5,pos1,8,12.75,491.5833333333333,330.25373732237125
replicate_5,pos1,9,14.25,482.70175438596493,321.37215837500287
replicate_5,pos1,10,15.75,503.5585821547058,342.2289861437437
replicate_5,pos1,11,17.25,485.8328828828829,324.50328687192086
replicate_5,pos1,12,18.75,474.3561643835616,313.0265683725995
replicate_5,pos1,13,20.25,459.99120082815733,298.66160481719527
replicate_5,pos1,14,21.75,430.69827586206895,269.3686798511069
replicate_5,pos1,15,23.25,396.7173913043478,235.38779529338575
replicate_5,pos1,16,24.75,391.8490566037736,230.51946059281153
replicate_5,pos1,17,26.25,350.109375,188.77977898903794
replicate_5,pos1,18,27.75,377.3916256157636,216.0620296048015
replicate_5,pos1,19,29.25,351.6299642218247,190.30036821086262
replicate_5,pos1,20,30.75,355.0927937915743,193.76319778061222
replicate_5,pos1,21,32.25,333.21794871794873,171.88835270698667
replicate_5,pos1,22,33.75,340.6144578313253,179.28486182036323
replicate_5,pos1,23,35.25,295.10218253968253,133.7725865287205
replicate_5,pos1,24,36.75,278.1552845528455,116.82568854188347
replicate_5,pos1,25,38.25,276.83720930232556,115.5076132913635
replicate_5,pos1,26,39.75,259.0,97.67040398903794
replicate_5,pos1,27,41.25,257.7936507936508,96.46405478268872
replicate_5,pos1,28,42.75,259.86471861471864,98.53512260375658
replicate_5,pos1,29,44.25,252.95,91.62040398903792
replicate_5,pos1,30,45.75,252.51754716981134,91.18795115884926
replicate_5,pos1,31,47.25,264.7,103.37040398903792
replicate_5,pos1,32,48.75,267.05555555555554,105.72595954459348
replicate_5,pos1,33,50.25,266.2,104.87040398903792
replicate_5,pos2,0,0.75,308.7887323943662,147.45913638340414
replicate_5,pos2,1,2.25,373.8225806451613,212.49298463419922
replicate_5,pos2,2,3.75,428.2308695652174,266.90127355425534
replicate_5,pos2,3,5.25,450.457627118644,289.1280311076819
replicate_5,pos2,4,6.75,473.50877192982455,312.1791759188625
replicate_5,pos2,5,8.25,500.89961538461534,339.5700193736533
replicate_5,pos2,6,9.75,516.8979591836735,355.56836317271143
replicate_5,pos2,7,11.25,527.8181818181819,366.4885858072198
replicate_5,pos2,8,12.75,539.024031007752,377.6944349967899
replicate_5,pos2,9,14.25,488.8831168831169,327.5535208721548
replicate_5,pos2,10,15.75,514.8769841269841,353.54738811602203
replicate_5,pos2,11,17.25,503.89473684210526,342.5651408311432
replicate_5,pos2,12,18.75,476.24444444444447,314.9148484334824
replicate_5,pos2,13,20.25,461.05102040816325,299.7214243972012
replicate_5,pos2,14,21.75,402.3777777777778,241.04818176681573
replicate_5,pos2,15,23.25,397.1939443535188,235.86434834255675
replicate_5,pos2,16,24.75,380.5263157894737,219.19671977851164
replicate_5,pos2,17,26.25,384.0597014925374,222.73010548157532
replicate_5,pos2,18,27.75,381.0,219.67040398903794
replicate_5,pos2,19,29.25,313.68333333333334,152.35373732237127
replicate_5,pos2,20,30.75,330.52,169.19040398903792
replicate_5,pos2,21,32.25,357.27272727272725,195.9431312617652
replicate_5,pos2,22,33.75,293.35483870967744,132.02524269871537
replicate_5,pos2,23,35.25,306.5,145.17040398903794
replicate_5,pos2,24,36.75,279.30171358629127,117.97211757532924
replicate_5,pos2,25,38.25,272.60869565217394,111.27909964121187
replicate_5,pos2,26,39.75,260.9378306878307,99.60823467686862
replicate_5,pos2,27,41.25,260.2826923076923,98.95309629673025
replicate_5,pos2,28,42.75,248.2089552238806,86.87935921291853
replicate_5,pos2,29,44.25,246.63892857142855,85.30933256046649
replicate_5,pos2,30,45.75,242.4897129186603,81.16011690769824
replicate_5,pos2,31,47.25,233.34615384615384,72.01655783519178
replicate_5,pos2,32,48.75,234.20689655172413,72.87730054076206
replicate_5,pos2,33,50.25,235.65973813420624,74.33014212324416
replicate_5,pos2,34,51.75,258.58075563411404,97.25115962315196
replicate_5,pos3,0,0.75,274.94594594594594,113.61634993498387
replicate_5,pos3,1,2.25,292.5083333333333,131.17873732237126
replicate_5,pos3,2,3.75,348.4,187.0704039890379
replicate_5,pos3,3,5.25,336.2987012987013,174.96910528773924
replicate_5,pos3,4,6.75,360.1111111111111,198.78151510014902
replicate_5,pos3,5,8.25,349.001254180602,187.67165816963995
replicate_5,pos3,6,9.75,381.1470588235294,219.81746281256733
replicate_5,pos3,7,11.25,378.8301886792453,217.50059266828322
replicate_5,pos3,8,12.75,367.2552182163188,205.92562220535672
replicate_5,pos3,9,14.25,341.2906504065041,179.96105439554202
replicate_5,pos3,10,15.75,320.6017957351291,159.27219972416702
replicate_5,pos3,11,17.25,345.9555555555556,184.6259595445935
replicate_5,pos3,12,18.75,349.875,188.54540398903794
replicate_5,pos3,13,20.25,336.2317073170732,174.9021113061111
replicate_5,pos3,14,21.75,308.83333333333337,147.50373732237128
replicate_5,pos3,15,23.25,300.8994435612083,139.5698475502462
replicate_5,pos3,16,24.75,294.09538375973307,132.76578774877098
replicate_5,pos3,17,26.25,257.94878296146044,96.6191869504984
replicate_5,pos3,18,27.75,246.1038961038961,84.77430009293403
replicate_5,pos3,19,29.25,251.55357142857144,90.22397541760938
replicate_5,pos3,20,30.75,253.58536585365857,92.25576984269651
replicate_5,pos3,21,32.25,247.58846153846153,86.25886552749947
replicate_5,pos3,22,33.75,237.19138321995464,75.86178720899258
replicate_5,pos3,23,35.25,220.1148558758315,58.78525986486942
replicate_5,pos3,24,36.75,221.85365853658536,60.52406252562329
replicate_5,pos3,25,38.25,215.22033898305085,53.89074297208879
replicate_5,pos3,26,39.75,210.50636792452832,49.176771913566256
replicate_5,pos3,27,41.25,205.88059701492537,44.55100100396331
replicate_5,pos3,28,42.75,213.34943316013226,52.0198371491702
replicate_5,pos3,29,44.25,202.67744755244757,41.3478515414855
replicate_5,pos3,30,45.75,210.5,49.170403989037936
replicate_5,pos3,31,47.25,216.25352112676055,54.92392511579848
replicate_5,pos3,32,48.75,234.33939628482972,73.00980027386764
replicate_5,pos3,33,50.25,252.025974025974,90.69637801501193
replicate_5,pos4,0,0.75,274.8588235294118,113.52922751844972
replicate_5,pos4,1,2.25,310.87142857142857,149.5418325604665
replicate_5,pos4,2,3.75,356.8979591836735,195.56836317271143
replicate_5,pos4,3,5.25,352.77025089605735,191.44065488509528
replicate_5,pos4,4,6.75,344.8510638297872,183.52146781882516
replicate_5,pos4,5,8.25,345.5432098765432,184.21361386558112
replicate_5,pos4,6,9.75,338.881045751634,177.55144974067193
replicate_5,pos4,7,11.25,343.8262987012987,182.49670269033663
replicate_5,pos4,8,12.75,363.6928696668615,202.36327365589943
replicate_5,pos4,9,14.25,357.4440816326531,196.11448562169102
replicate_5,pos4,10,15.75,311.1047619047619,149.77516589379985
replicate_5,pos4,11,17.25,278.13614457831324,116.80654856735117
replicate_5,pos4,12,18.75,304.3181818181818,142.98858580721975
replicate_5,pos4,13,20.25,303.9853896103896,142.65579359942754
replicate_5,pos4,14,21.75,285.4852941176471,124.15569810668501
replicate_5,pos4,15,23.25,252.16892857142855,90.83933256046649
replicate_5,pos4,16,24.75,258.16958041958037,96.83998440861834
replicate_5,pos4,17,26.25,252.4850746268657,91.15547861590362
replicate_5,pos4,18,27.75,243.67307692307693,82.34348091211487
replicate_5,pos4,19,29.25,235.04381547139405,73.71421946043198
replicate_5,pos4,20,30.75,228.43503118503122,67.10543517406914
replicate_5,pos4,21,32.25,224.11428571428573,62.784689703323664
replicate_5,pos4,22,33.75,222.04545454545453,60.71585853449247
replicate_5,pos4,23,35.25,215.56363636363636,54.2340403526743
replicate_5,pos4,24,36.75,211.7792207792208,50.44962476825873
replicate_5,pos4,25,38.25,204.58333333333337,43.25373732237131
replicate_5,pos4,26,39.75,210.39420062695925,49.06460461599718
replicate_5,pos4,27,41.25,209.703125,48.373528989037936
replicate_5,pos4,28,42.75,206.26231017027152,44.93271415930944
replicate_5,pos4,29,44.25,210.15674603174602,48.82715002078396
replicate_5,pos4,30,45.75,213.59459459459455,52.26499858363249
replicate_5,pos4,31,47.25,221.54237288135593,60.21277687039387
replicate_5,pos4,32,48.75,215.8957080371788,54.56611202621674
replicate_5,pos4,33,50.25,223.29162404092068,61.96202802995863
replicate_5,pos5,0,0.75,258.9078947368421,97.57829872588002
replicate_5,pos5,1,2.25,290.6363636363636,129.30676762540156
replicate_5,pos5,2,3.75,301.20461460446245,139.8750185935004
replicate_5,pos5,3,5.25,314.85185185185185,153.52225584088978
replicate_5,pos5,4,6.75,332.138249199329,170.80865318836692
replicate_5,pos5,5,8.25,338.6126723913609,177.28307638039885
replicate_5,pos5,6,9.75,321.078431372549,159.74883536158694
replicate_5,pos5,7,11.25,299.343300110742,138.01370409977991
replicate_5,pos5,8,12.75,273.719298245614,112.38970223465196
replicate_5,pos5,9,14.25,266.10714285714283,104.77754684618077
replicate_5,pos5,10,15.75,265.56140350877195,104.23180749780988
replicate_5,pos5,11,17.25,265.1764705882353,103.84687457727324
replicate_5,pos5,12,18.75,267.51785714285717,106.1882611318951
replicate_5,pos5,13,20.25,284.0311688311688,122.70157282020676
replicate_5,pos5,14,21.75,259.5678571428572,98.23826113189509
replicate_5,pos5,15,23.25,247.09302325581396,85.7634272448519
replicate_5,pos5,16,24.75,258.8333333333333,97.50373732237125
replicate_5,pos5,17,26.25,241.16,79.83040398903793
replicate_5,pos5,18,27.75,219.62012411347519,58.290528102513136
replicate_5,pos5,19,29.25,213.36921353907417,52.03961752811212
replicate_5,pos5,20,30.75,202.71875,41.389153989037936
replicate_5,pos5,21,32.25,198.34273504273506,37.01313903177298
replicate_5,pos5,22,33.75,202.7926948051948,41.463098794232735
replicate_5,pos5,23,35.25,194.55,33.22040398903795
replicate_5,pos5,24,36.75,189.44736842105263,28.117772410090566
replicate_5,pos5,25,38.25,187.10256410256412,25.772968091602053
replicate_5,pos5,26,39.75,187.8679245283019,26.538328517339835
replicate_5,pos5,27,41.25,194.16666666666663,32.837070655704565
replicate_5,pos5,28,42.75,191.42,30.090403989037924
replicate_5,pos5,29,44.25,188.22222222222223,26.892626211260165
replicate_5,pos5,30,45.75,191.0727272727273,29.743131261765228
replicate_5,pos5,31,47.25,193.87107843137255,32.5414824204105
replicate_5,pos5,32,48.75,198.48611111111111,37.15651510014905
replicate_5,pos5,33,50.25,203.48684210526318,42.1572460943011
replicate_5,pos6,0,0.75,312.23809523809524,150.90849922713318
replicate_5,pos6,1,2.25,351.7076923076923,190.37809629673023
replicate_5,pos6,2,3.75,359.7818181818182,198.45222217085615
replicate_5,pos6,3,5.25,357.64473684210526,196.3151408311432
replicate_5,pos6,4,6.75,374.21072974644403,212.88113373548197
replicate_5,pos6,5,8.25,367.41526904262753,206.08567303166546
replicate_5,pos6,6,9.75,348.62338362068965,187.2937876097276
replicate_5,pos6,7,11.25,315.14285714285717,153.8132611318951
replicate_5,pos6,8,12.75,304.5101317122594,143.18053570129732
replicate_5,pos6,9,14.25,297.7368421052632,136.40724609430112
replicate_5,pos6,10,15.75,285.66037735849056,124.3307813475285
replicate_5,pos6,11,17.25,263.2931034482759,101.96350743731381
replicate_5,pos6,12,18.75,252.3867924528302,91.05719644186813
replicate_5,pos6,13,20.25,239.75328947368422,78.42369346272214
replicate_5,pos6,14,21.75,252.325641025641,90.99604501467896
replicate_5,pos6,15,23.25,232.76470588235293,71.43510987139086
replicate_5,pos6,16,24.75,238.23162431941924,76.90202830845718
replicate_5,pos6,17,26.25,217.59043062200953,56.260834611047486
replicate_5,pos6,18,27.75,213.69701575020724,52.36741973924518
replicate_5,pos6,19,29.25,206.53787878787878,45.20828277691672
replicate_5,pos6,20,30.75,209.53010033444818,48.200504323486115
replicate_5,pos6,21,32.25,207.8947368421053,46.565140831143225
replicate_5,pos6,22,33.75,209.3909543325527,48.06135832159063
replicate_5,pos6,23,35.25,206.88125548726953,45.551659476307464
replicate_5,pos6,24,36.75,207.44262295081967,46.113026939857605
replicate_5,pos6,25,38.25,206.71428571428572,45.384689703323644
replicate_5,pos6,26,39.75,200.24444444444444,38.914848433482376
replicate_5,pos6,27,41.25,197.32290926320775,35.9933132522457
replicate_5,pos6,28,42.75,201.0217391304348,39.692143119472746
replicate_5,pos6,29,44.25,201.67170671085336,40.34211069989128
replicate_5,pos6,30,45.75,203.7741935483871,42.44459753742504
replicate_5,pos6,31,47.25,208.45689655172413,47.12730054076208
replicate_5,pos6,32,48.75,212.6158064516129,51.286210440650834
replicate_5,pos6,33,50.25,216.4754098360656,55.145813825103545
replicate_5,pos6,34,51.75,229.70506535947715,68.37546934851507
replicate_5,pos7,0,0.75,300.6,139.27040398903796
replicate_5,pos7,1,2.25,343.2270381836945,181.89744217273247
replicate_5,pos7,2,3.75,387.01944444444445,225.68984843348238
replicate_5,pos7,3,5.25,420.84615384615387,259.5165578351918
replicate_5,pos7,4,6.75,424.7673801369863,263.4377841260242
replicate_5,pos7,5,8.25,448.7317073170732,287.4021113061111
replicate_5,pos7,6,9.75,408.1333333333333,246.80373732237126
replicate_5,pos7,7,11.25,363.3809523809524,202.05135636999034
replicate_5,pos7,8,12.75,369.1754385964912,207.8458425855291
replicate_5,pos7,9,14.25,384.4318181818182,223.10222217085612
replicate_5,pos7,10,15.75,348.6680652680653,187.3384692571032
replicate_5,pos7,11,17.25,316.609756097561,155.28016008659893
replicate_5,pos7,12,18.75,312.140350877193,150.81075486623092
replicate_5,pos7,13,20.25,298.51050420168065,137.1809081907186
replicate_5,pos7,14,21.75,306.2530120481928,144.9234160372307
replicate_5,pos7,15,23.25,283.88397129186603,122.55437528090397
replicate_5,pos7,16,24.75,273.74897400820794,112.41937799724587
replicate_5,pos7,17,26.25,250.11904761904762,88.78945160808556
replicate_5,pos7,18,27.75,254.25,92.92040398903794
replicate_5,pos7,19,29.25,236.54545454545453,75.21585853449247
replicate_5,pos7,20,30.75,229.60060240963855,68.27100639867649
replicate_5,pos7,21,32.25,225.93051811919736,64.6009221082353
replicate_5,pos7,22,33.75,218.47272727272727,57.143131261765205
replicate_5,pos7,23,35.25,217.0138888888889,55.684292877926836
replicate_5,pos7,24,36.75,211.47916666666669,50.14957065570462
replicate_5,pos7,25,38.25,208.3469387755102,47.01734276454815
replicate_5,pos7,26,39.75,211.4909090909091,50.161313079947035
replicate_5,pos7,27,41.25,207.43667371760972,46.10707770664766
replicate_5,pos7,28,42.75,209.7536231884058,48.42402717744375
replicate_5,pos7,29,44.25,215.17241379310343,53.84281778214137
replicate_5,pos7,30,45.75,215.9122807017544,54.58268469079235
replicate_5,pos7,31,47.25,212.19176413255363,50.862168121591566
replicate_5,pos7,32,48.75,210.9268115942029,49.59721558324084
replicate_5,pos7,33,50.25,213.51509287925697,52.185496868294905
replicate_5,pos8,0,0.75,282.49584328714764,121.16624727618557
replicate_5,pos8,1,2.25,326.52,165.19040398903792
replicate_5,pos8,2,3.75,390.2966650074664,228.96706899650434
replicate_5,pos8,3,5.25,400.2,238.87040398903792
replicate_5,pos8,4,6.75,435.07246376811594,273.7428677571539
replicate_5,pos8,5,8.25,428.78168119099485,267.4520851800328
replicate_5,pos8,6,9.75,383.672131147541,222.34253513657893
replicate_5,pos8,7,11.25,382.50666666666666,221.1770706557046
replicate_5,pos8,8,12.75,361.04761904761904,199.71802303665697
replicate_5,pos8,9,14.25,338.24246987951807,176.912873868556
replicate_5,pos8,10,15.75,325.1356617647059,163.8060657537438
replicate_5,pos8,11,17.25,308.2025316455696,146.87293563460753
replicate_5,pos8,12,18.75,278.5781055255505,117.24850951458842
replicate_5,pos8,13,20.25,280.8448275862069,119.51523157524485
replicate_5,pos8,14,21.75,255.78199233716475,94.4523963262027
replicate_5,pos8,15,23.25,261.66536585365856,100.3357698426965
replicate_5,pos8,16,24.75,254.36118634886242,93.03159033790034
replicate_5,pos8,17,26.25,238.6946324951644,77.36503648420235
replicate_5,pos8,18,27.75,225.5386046511628,64.20900864020074
replicate_5,pos8,19,29.25,217.3181818181818,55.98858580721975
replicate_5,pos8,20,30.75,216.52272727272728,55.19313126176522
replicate_5,pos8,21,32.25,219.22474747474746,57.89515146378541
replicate_5,pos8,22,33.75,208.82834928229667,47.49875327133461
replicate_5,pos8,23,35.25,205.58620689655172,44.25661088558965
replicate_5,pos8,24,36.75,211.44117647058823,50.11158045962617
replicate_5,pos8,25,38.25,212.7433311646064,51.413735153644325
replicate_5,pos8,26,39.75,207.30516975308637,45.975573742124325
replicate_5,pos8,27,41.25,208.6315789473684,47.30198293640635
replicate_5,pos8,28,42.75,211.27258403361344,49.94298802265139
replicate_5,pos8,29,44.25,204.6122448979592,43.28264888699712
replicate_5,pos8,30,45.75,212.28076828969904,50.95117227873699
replicate_5,pos8,31,47.25,214.89743589743588,53.56783988647382
replicate_5,pos8,32,48.75,212.9775039123631,51.64790790140103
replicate_5,pos8,33,50.25,218.33823529411765,57.00863928315559
replicate_5,pos9,0,0.75,301.8618421052631,140.5322460943011
replicate_5,pos9,1,2.25,327.65977822580646,166.3301822148444
replicate_5,pos9,2,3.75,376.8633980881899,215.53380207722788
replicate_5,pos9,3,5.25,382.4366197183099,221.10702370734782
replicate_5,pos9,4,6.75,410.1486954513969,248.81909944043485
replicate_5,pos9,5,8.25,401.71233766233763,240.3827416513756
replicate_5,pos9,6,9.75,404.75,243.42040398903794
replicate_5,pos9,7,11.25,401.53275862068966,240.2031626097276
replicate_5,pos9,8,12.75,390.0740740740741,228.744478063112
replicate_5,pos9,9,14.25,363.53164556962025,202.2020495586582
replicate_5,pos9,10,15.75,335.8006267136702,174.47103070270813
replicate_5,pos9,11,17.25,296.2888888888889,134.95929287792683
replicate_5,pos9,12,18.75,277.8268028846154,116.49720687365331
replicate_5,pos9,13,20.25,304.76065999258435,143.4310639816223
replicate_5,pos9,14,21.75,303.0468587296078,141.7172627186457
replicate_5,pos9,15,23.25,301.8036062378168,140.47401022685472
replicate_5,pos9,16,24.75,278.33152173913044,117.00192572816837
replicate_5,pos9,17,26.25,262.5344827586207,101.20488674765863
replicate_5,pos9,18,27.75,252.94230769230768,91.61271168134562
replicate_5,pos9,19,29.25,247.9170918367347,86.58749582577263
replicate_5,pos9,20,30.75,240.55169561621173,79.22209960524967
replicate_5,pos9,21,32.25,232.0494252873563,70.71982927639425
replicate_5,pos9,22,33.75,223.59183673469389,62.26224072373182
replicate_5,pos9,23,35.25,215.3050847457627,53.97548873480065
replicate_5,pos9,24,36.75,217.7611940298507,56.43159801888865
replicate_5,pos9,25,38.25,223.34146110056926,62.0118650896072
replicate_5,pos9,26,39.75,219.65573770491804,58.326141693955975
replicate_5,pos9,27,41.25,218.7058823529412,57.376286341979124
replicate_5,pos9,28,42.75,207.38983050847455,46.06023449751248
replicate_5,pos9,29,44.25,203.6716417910448,42.34204578008274
replicate_5,pos9,30,45.75,206.4179104477612,45.08831443679912
replicate_5,pos9,31,47.25,208.98,47.650403989037926
replicate_5,pos9,32,48.75,213.85655471289272,52.52695870193065
replicate_5,pos9,33,50.25,212.5371032163128,51.20750720535074
replicate_7,pos0,0,0.75,339.4328173374613,178.10322132649924
replicate_7,pos0,1,2.25,373.37704918032784,212.04745316936578
replicate_7,pos0,2,3.75,392.3571428571428,231.0275468461807
replicate_7,pos0,3,5.25,430.81081081081084,269.4812147998488
replicate_7,pos0,4,6.75,469.96491228070175,308.6353162697397
replicate_7,pos0,5,8.25,485.93589743589746,324.6063014249354
replicate_7,pos0,6,9.75,494.57871939736344,333.2491233864014
replicate_7,pos0,7,11.25,518.4428514536041,357.11325544264207
replicate_7,pos0,8,12.75,499.36538461538464,338.0357886044226
replicate_7,pos0,9,14.25,428.1036585365854,266.7740625256233
replicate_7,pos0,10,15.75,435.9428571428571,274.61326113189506
replicate_7,pos0,11,17.25,449.9861111111111,288.656515100149
replicate_7,pos0,12,18.75,406.6410256410256,245.31142963006351
replicate_7,pos0,13,20.25,388.9069548872181,227.57735887625603
replicate_7,pos0,14,21.75,342.82978723404256,181.5001912230805
replicate_7,pos0,15,23.25,337.5813953488372,176.25179933787513
replicate_7,pos0,16,24.75,308.21276595744683,146.88316994648477
replicate_7,pos0,17,26.25,292.46153846153845,131.1319424505764
replicate_7,pos0,18,27.75,262.4789377289377,101.14934171797566
replicate_7,pos0,19,29.25,263.8888888888889,102.55929287792685
replicate_7,pos0,20,30.75,247.61561032863852,86.28601431767645
replicate_7,pos0,21,32.25,261.87426900584796,100.5446729948859
replicate_7,pos0,22,33.75,253.9090909090909,92.57949489812884
replicate_7,pos0,23,35.25,217.36666666666667,56.03707065570461
replicate_7,pos0,24,36.75,202.72244250594764,41.39284649498559
replicate_7,pos0,25,38.25,195.6629213483146,34.333325337352534
replicate_7,pos0,26,39.75,201.2924317617866,39.96283575082454
replicate_7,pos0,27,41.25,178.80889423076923,17.479298219807163
replicate_7,pos0,28,42.75,178.10526315789474,16.775667146932676
replicate_7,pos0,29,44.25,175.81579693703912,14.486200926077075
replicate_7,pos0,30,45.75,177.06349206349208,15.733896052530014
replicate_7,pos0,31,47.25,178.51724137931035,17.187645368348285
replicate_7,pos0,32,48.75,176.58139534883722,15.251799337875156
replicate_7,pos0,33,50.25,176.20050505050506,14.870909039542994
replicate_7,pos0,34,51.75,173.47368421052633,12.144088199564266
replicate_7,pos1,0,0.75,258.5706989247312,97.24110291376911
replicate_7,pos1,1,2.25,271.3452380952381,110.01564208427604
replicate_7,pos1,2,3.75,294.58154195948737,133.25194594852533
replicate_7,pos1,3,5.25,325.7049180327869,164.37532202182484
replicate_7,pos1,4,6.75,326.6592632719393,165.32966726097726
replicate_7,pos1,5,8.25,332.3125,170.98290398903794
replicate_7,pos1,6,9.75,350.12,188.79040398903794
replicate_7,pos1,7,11.25,318.3623876123876,157.03279160142554
replicate_7,pos1,8,12.75,342.04477611940297,180.7151801084409
replicate_7,pos1,9,14.25,319.73809523809524,158.40849922713318
replicate_7,pos1,10,15.75,311.6333333333333,150.30373732237126
replicate_7,pos1,11,17.25,305.89166666666665,144.5620706557046
replicate_7,pos1,12,18.75,298.48387096774195,137.1542749567799
replicate_7,pos1,13,20.25,267.10439560439556,105.77479959343353
replicate_7,pos1,14,21.75,256.4,95.07040398903791
replicate_7,pos1,15,23.25,260.3488372093023,99.01924119834024
replicate_7,pos1,16,24.75,242.27631578947367,80.9467197785116
replicate_7,pos1,17,26.25,225.8413722826087,64.51177627164664
replicate_7,pos1,18,27.75,227.15625,65.82665398903794
replicate_7,pos1,19,29.25,233.35897435897436,72.0293783480123
replicate_7,pos1,20,30.75,217.7301587301587,56.40056271919664
replicate_7,pos1,21,32.25,210.36486486486487,49.03526885390281
replicate_7,pos1,22,33.75,198.36507936507937,37.035483354117304
replicate_7,pos1,23,35.25,204.41463414634143,43.085038135379364
replicate_7,pos1,24,36.75,198.4124946512623,37.08289864030024
replicate_7,pos1,25,38.25,187.8858070964518,26.556211085489736
replicate_7,pos1,26,39.75,191.22368421052633,29.894088199564266
replicate_7,pos1,27,41.25,189.2173913043478,27.88779529338575
replicate_7,pos1,28,42.75,194.53915094339624,33.20955493243419
replicate_7,pos1,29,44.25,197.01044176706827,35.68084575610621
replicate_7,pos1,30,45.75,199.375,38.045403989037936
replicate_7,pos1,31,47.25,193.45029970029972,32.12070368933766
replicate_7,pos1,32,48.75,190.34883720930233,29.019241198340268
replicate_7,pos1,33,50.25,185.3125,23.982903989037936
replicate_7,pos15,0,0.75,278.39344262295083,117.06384661198877
replicate_7,pos15,1,2.25,308.3623188405797,147.03272282961763
replicate_7,pos15,2,3.75,346.6231884057971,185.29359239483506
replicate_7,pos15,3,5.25,398.3020833333333,236.97248732237125
replicate_7,pos15,4,6.75,372.79487179487177,211.4652757839097
replicate_7,pos15,5,8.25,371.1326923076923,209.80309629673025
replicate_7,pos15,6,9.75,395.3686285553365,234.03903254437446
replicate_7,pos15,7,11.25,350.13015607580826,188.8005600648462
replicate_7,pos15,8,12.75,335.84444444444443,174.51484843348237
replicate_7,pos15,9,14.25,335.1395348837209,173.80993887275886
replicate_7,pos15,10,15.75,317.36486486486484,156.03526885390278
replicate_7,pos15,11,17.25,319.9342751842752,158.60467917331314
replicate_7,pos15,12,18.75,308.1896910794863,146.86009506852423
replicate_7,pos15,13,20.25,291.0213605442177,129.69176453325562
replicate_7,pos15,14,21.75,268.1280487804878,106.79845276952574
replicate_7,pos15,15,23.25,255.515625,94.18602898903794
replicate_7,pos15,16,24.75,243.95718130658184,82.6275852956198
replicate_7,pos15,17,26.25,239.31313598519893,77.98353997423686
replicate_7,pos15,18,27.75,228.82583979328166,67.49624378231958
replicate_7,pos15,19,29.25,223.11111111111111,61.78151510014905
replicate_7,pos15,20,30.75,216.8064182194617,55.47682220849964
replicate_7,pos15,21,32.25,210.06153846153848,48.73194245057641
replicate_7,pos15,22,33.75,196.84750072653299,35.51790471557091
replicate_7,pos15,23,35.25,194.15254237288136,32.82294636191929
replicate_7,pos15,24,36.75,186.57692307692307,25.247327065961002
replicate_7,pos15,25,38.25,184.77440801457195,23.444812003609883
replicate_7,pos15,26,39.75,185.484375,24.154778989037936
replicate_7,pos15,27,41.25,187.06349206349208,25.733896052530014
replicate_7,pos15,28,42.75,185.76923076923077,24.43963475826871
replicate_7,pos15,29,44.25,184.48684210526315,23.157246094301087
replicate_7,pos15,30,45.75,186.208112662494,24.87851665153194
replicate_7,pos15,31,47.25,183.28571428571428,21.956118274752214
replicate_7,pos15,32,48.75,179.11993504484997,17.790339033887918
replicate_7,pos15,33,50.25,176.59756097560975,15.267964964647689
replicate_7,pos15,34,51.75,175.69661222020568,14.36701620924363
replicate_7,pos18,0,0.75,296.5326086956522,135.20301268469012
replicate_7,pos18,1,2.25,347.05263157894734,185.72303556798528
replicate_7,pos18,2,3.75,388.6104925775978,227.2808965666358
replicate_7,pos18,3,5.25,392.86851092896177,231.53891491799968
replicate_7,pos18,4,6.75,392.3826910074374,231.05309499647538
replicate_7,pos18,5,8.25,406.6029411764706,245.27334516550854
replicate_7,pos18,6,9.75,389.42546583850935,228.09586982754726
replicate_7,pos18,7,11.25,393.55555555555554,232.22595954459348
replicate_7,pos18,8,12.75,362.8373770491803,201.50778103821827
replicate_7,pos18,9,14.25,356.05405405405406,194.724458043092
replicate_7,pos18,10,15.75,325.4122807017544,164.08268469079232
replicate_7,pos18,11,17.25,291.0178571428571,129.68826113189508
replicate_7,pos18,12,18.75,275.34380032206116,114.01420431109912
replicate_7,pos18,13,20.25,288.70543032786884,127.37583431690678
replicate_7,pos18,14,21.75,266.21666666666664,104.88707065570458
replicate_7,pos18,15,23.25,259.88461538461536,98.5550193736533
replicate_7,pos18,16,24.75,249.37777777777777,88.0481817668157
replicate_7,pos18,17,26.25,249.2391304347826,87.90953442382053
replicate_7,pos18,18,27.75,247.64406779661016,86.3144717856481
replicate_7,pos18,19,29.25,236.16557963391543,74.83598362295336
replicate_7,pos18,20,30.75,231.82367021276596,70.4940742018039
replicate_7,pos18,21,32.25,233.4718954248366,72.14229941387454
replicate_7,pos18,22,33.75,231.64788732394365,70.31829131298159
replicate_7,pos18,23,35.25,212.60038610038612,51.27079008942404
replicate_7,pos18,24,36.75,199.25862068965515,37.92902467869308
replicate_7,pos18,25,38.25,196.24697336561744,34.91737735465537
replicate_7,pos18,26,39.75,197.31914893617025,35.98955292520819
replicate_7,pos18,27,41.25,195.68115942028984,34.35156340932778
replicate_7,pos18,28,42.75,195.77898550724638,34.4493894962843
replicate_7,pos18,29,44.25,195.98010610079575,34.65051008983369
replicate_7,pos18,30,45.75,187.90166569257744,26.572069681615375
replicate_7,pos18,31,47.25,185.90305598356446,24.573459972602393
replicate_7,pos18,32,48.75,182.28571428571428,20.956118274752214
replicate_7,pos18,33,50.25,179.80244252873564,18.472846517773576
replicate_7,pos18,34,51.75,178.390243902439,17.060647891476947
replicate_7,pos2,0,0.75,290.5388151174668,129.20921910650475
replicate_7,pos2,1,2.25,330.85625000000005,169.52665398903795
replicate_7,pos2,2,3.75,346.5980805243446,185.2684845133825
replicate_7,pos2,3,5.25,363.81666666666666,202.4870706557046
replicate_7,pos2,4,6.75,382.3555555555555,221.02595954459343
replicate_7,pos2,5,8.25,403.2950819672131,241.96548595625103
replicate_7,pos2,6,9.75,410.367816091954,249.03822008099195
replicate_7,pos2,7,11.25,406.8939393939394,245.5643433829773
replicate_7,pos2,8,12.75,438.12698412698415,276.7973881160221
replicate_7,pos2,9,14.25,415.9767441860465,254.64714817508445
replicate_7,pos2,10,15.75,354.86301369863014,193.53341768766808
replicate_7,pos2,11,17.25,348.4345833333333,187.10498732237127
replicate_7,pos2,12,18.75,347.4222222222222,186.09262621126015
replicate_7,pos2,13,20.25,308.2647058823529,146.93510987139086
replicate_7,pos2,14,21.75,276.6862745098039,115.35667849884186
replicate_7,pos2,15,23.25,266.07181571815715,104.74221970719512
replicate_7,pos2,16,24.75,271.45507246376815,110.12547645280605
replicate_7,pos2,17,26.25,251.1685393258427,89.83894331488062
replicate_7,pos2,18,27.75,262.90369799691837,101.57410198595628
replicate_7,pos2,19,29.25,240.54347826086956,79.2138822499075
replicate_7,pos2,20,30.75,225.30769230769232,63.97809629673024
replicate_7,pos2,21,32.25,230.2729044834308,68.94330847246876
replicate_7,pos2,22,33.75,225.91830294530155,64.58870693433948
replicate_7,pos2,23,35.25,215.09362934362935,53.76403333266728
replicate_7,pos2,24,36.75,204.81099094567404,43.48139493471197
replicate_7,pos2,25,38.25,197.63037426538818,36.300778254426135
replicate_7,pos2,26,39.75,193.33252818035427,32.00293216939221
replicate_7,pos2,27,41.25,192.12532443455692,30.795728423594852
replicate_7,pos2,28,42.75,195.4158653846154,34.08626937365332
replicate_7,pos2,29,44.25,203.32530120481928,41.99570519385722
replicate_7,pos2,30,45.75,201.90666666666667,40.5770706557046
replicate_7,pos2,31,47.25,202.23684210526315,40.90724609430109
replicate_7,pos2,32,48.75,197.44444444444449,36.11484843348242
replicate_7,pos2,33,50.25,194.8809523809524,33.551356369990344
replicate_7,pos2,34,51.75,185.52941176470588,24.19981575374382
replicate_7,pos22,0,0.75,289.76190476190476,128.4323087509427
replicate_7,pos22,1,2.25,319.0,157.67040398903794
replicate_7,pos22,2,3.75,311.7498630136986,150.42026700273655
replicate_7,pos22,3,5.25,342.4807692307692,181.15117321980716
replicate_7,pos22,4,6.75,333.86632653061224,172.5367305196502
replicate_7,pos22,5,8.25,335.1309523809524,173.80135636999034
replicate_7,pos22,6,9.75,300.4473880597015,139.11779204873943
replicate_7,pos22,7,11.25,303.890625,142.56102898903794
replicate_7,pos22,8,12.75,280.6388888888889,119.30929287792685
replicate_7,pos22,9,14.25,273.88299663299665,112.55340062203456
replicate_7,pos22,10,15.75,283.7105263157895,122.38093030482742
replicate_7,pos22,11,17.25,247.8571428571429,86.52754684618083
replicate_7,pos22,12,18.75,233.33112290008842,72.00152688912637
replicate_7,pos22,13,20.25,233.4004329004329,72.07083688947083
replicate_7,pos22,14,21.75,223.5681818181818,62.23858580721975
replicate_7,pos22,15,23.25,224.27289377289378,62.9432977619317
replicate_7,pos22,16,24.75,215.96944444444443,54.63984843348237
replicate_7,pos22,17,26.25,206.625,45.295403989037936
replicate_7,pos22,18,27.75,202.23076923076923,40.90117321980716
replicate_7,pos22,19,29.25,198.13685474189674,36.80725873093469
replicate_7,pos22,20,30.75,195.72222222222223,34.392626211260165
replicate_7,pos22,21,32.25,193.08076923076925,31.75117321980717
replicate_7,pos22,22,33.75,191.46153846153845,30.13194245057639
replicate_7,pos22,23,35.25,179.47727272727272,18.147676716310656
replicate_7,pos22,24,36.75,177.12280701754386,15.7932110065818
replicate_7,pos22,25,38.25,177.7325119236884,16.402915912726343
replicate_7,pos22,26,39.75,173.6086956521739,12.279099641211843
replicate_7,pos22,27,41.25,171.75438596491227,10.42478995395021
replicate_7,pos22,28,42.75,172.9401785714286,11.610582560466511
replicate_7,pos22,29,44.25,174.58603896103895,13.256442950076888
replicate_7,pos22,30,45.75,173.82978723404256,12.500191223080492
replicate_7,pos22,31,47.25,175.6063034188034,14.276707407841357
replicate_7,pos22,32,48.75,173.7218216774814,12.392225666519309
replicate_7,pos22,33,50.25,174.75080128205127,13.421205271089207
replicate_7,pos22,34,51.75,168.98214285714286,7.6525468461807975
replicate_7,pos24,0,0.75,267.47911255411253,106.14951654315047
replicate_7,pos24,1,2.25,294.1475409836066,132.8179449726445
replicate_7,pos24,2,3.75,302.60892210144925,141.27932609048722
replicate_7,pos24,3,5.25,324.325,162.99540398903792
replicate_7,pos24,4,6.75,354.8735632183908,193.54396720742875
replicate_7,pos24,5,8.25,320.4,159.0704039890379
replicate_7,pos24,6,9.75,297.45439358503177,136.12479757406967
replicate_7,pos24,7,11.25,298.112984496124,136.78338848516196
replicate_7,pos24,8,12.75,289.6628874856487,128.33329147468663
replicate_7,pos24,9,14.25,279.5,118.17040398903794
replicate_7,pos24,10,15.75,260.49042950513535,99.16083349417332
replicate_7,pos24,11,17.25,251.84164934164934,90.51205333068728
replicate_7,pos24,12,18.75,259.6917667238422,98.36217071288013
replicate_7,pos24,13,20.25,255.64030612244898,94.31071011148691
replicate_7,pos24,14,21.75,249.1219512195122,87.79235520855013
replicate_7,pos24,15,23.25,238.54237288135593,77.21277687039387
replicate_7,pos24,16,24.75,238.7962962962963,77.46670028533424
replicate_7,pos24,17,26.25,231.63123407353476,70.3016380625727
replicate_7,pos24,18,27.75,227.11940298507463,65.78980697411257
replicate_7,pos24,19,29.25,221.57142857142856,60.24183256046649
replicate_7,pos24,20,30.75,216.0043498168498,54.67475380588776
replicate_7,pos24,21,32.25,200.57402597402597,39.24442996306391
replicate_7,pos24,22,33.75,198.0677966101695,36.73820059920743
replicate_7,pos24,23,35.25,193.625,32.295403989037936
replicate_7,pos24,24,36.75,190.29162162162163,28.96202561065958
replicate_7,pos24,25,38.25,193.7488350419385,32.419239030976414
replicate_7,pos24,26,39.75,190.5142857142857,29.18468970332364
replicate_7,pos24,27,41.25,186.9512195121951,25.621623501233046
replicate_7,pos24,28,42.75,183.75379676503272,22.424200754070654
replicate_7,pos24,29,44.25,181.6551724137931,20.325576402831047
replicate_7,pos24,30,45.75,177.63291139240508,16.303315381443014
replicate_7,pos24,31,47.25,181.66208186619718,20.33248585523512
replicate_7,pos24,32,48.75,179.39344262295083,18.063846611988765
replicate_7,pos24,33,50.25,188.7972972972973,27.467701286335227
replicate_7,pos24,34,51.75,184.869341894061,23.539745883098945
replicate_7,pos24,35,53.25,180.22222222222223,18.892626211260165
replicate_7,pos3,0,0.75,272.97222222222223,111.64262621126016
replicate_7,pos3,1,2.25,330.62216077424455,169.29256476328246
replicate_7,pos3,2,3.75,346.8729227761486,185.54332676518652
replicate_7,pos3,3,5.25,384.7743238496663,223.44472783870424
replicate_7,pos3,4,6.75,429.37935963407665,268.0497636231146
replicate_7,pos3,5,8.25,417.6598837209302,256.33028770996816
replicate_7,pos3,6,9.75,426.5667311411992,265.23713513023716
replicate_7,pos3,7,11.25,404.93912363067295,243.6095276197109
replicate_7,pos3,8,12.75,377.48148148148147,216.1518854705194
replicate_7,pos3,9,14.25,384.8258647798742,223.49626876891213
replicate_7,pos3,10,15.75,358.2238805970149,196.89428458605283
replicate_7,pos3,11,17.25,329.84804878048783,168.51845276952574
replicate_7,pos3,12,18.75,313.63829787234044,152.30870186137838
replicate_7,pos3,13,20.25,313.34615384615387,152.0165578351918
replicate_7,pos3,14,21.75,299.98561890087313,138.65602288991107
replicate_7,pos3,15,23.25,258.85185185185185,97.52225584088978
replicate_7,pos3,16,24.75,258.3333333333333,97.00373732237125
replicate_7,pos3,17,26.25,248.92,87.59040398903792
replicate_7,pos3,18,27.75,233.65709598031174,72.32749996934969
replicate_7,pos3,19,29.25,231.92,70.59040398903792
replicate_7,pos3,20,30.75,222.7846153846154,61.45501937365333
replicate_7,pos3,21,32.25,228.59183673469389,67.26224072373182
replicate_7,pos3,22,33.75,224.12755323772274,62.79795722676067
replicate_7,pos3,23,35.25,214.4188988095238,53.08930279856173
replicate_7,pos3,24,36.75,210.84716981132075,49.51757380035869
replicate_7,pos3,25,38.25,201.57142857142856,40.24183256046649
replicate_7,pos3,26,39.75,195.25,33.920403989037936
replicate_7,pos3,27,41.25,190.22955974842768,28.899963737465598
replicate_7,pos3,28,42.75,186.8235294117647,25.493933400802632
replicate_7,pos3,29,44.25,186.18987341772151,24.86027740675945
replicate_7,pos3,30,45.75,186.3896103896104,25.060014378648333
replicate_7,pos3,31,47.25,185.67796610169492,24.348370090732857
replicate_7,pos3,32,48.75,187.27272727272728,25.943131261765217
replicate_7,pos3,33,50.25,184.41304347826087,23.08344746729881
replicate_7,pos3,34,51.75,183.52631578947367,22.196719778511607
replicate_7,pos5,0,0.75,256.93589743589746,95.6063014249354
replicate_7,pos5,1,2.25,299.9920948616601,138.66249885069803
replicate_7,pos5,2,3.75,320.8695652173913,159.53996920642925
replicate_7,pos5,3,5.25,344.056338028169,182.72674201720696
replicate_7,pos5,4,6.75,375.18059467918624,213.85099866822415
replicate_7,pos5,5,8.25,393.4390243902439,232.10942837928184
replicate_7,pos5,6,9.75,404.633631713555,243.30403570259293
replicate_7,pos5,7,11.25,386.9558823529411,225.62628634197904
replicate_7,pos5,8,12.75,360.0,198.67040398903794
replicate_7,pos5,9,14.25,352.9035294117647,191.57393340080264
replicate_7,pos5,10,15.75,354.46,193.13040398903792
replicate_7,pos5,11,17.25,340.2448979591837,178.9153019482216
replicate_7,pos5,12,18.75,312.5433789954338,151.21378298447172
replicate_7,pos5,13,20.25,290.4193548387097,129.08975882774763
replicate_7,pos5,14,21.75,266.1333333333333,104.80373732237126
replicate_7,pos5,15,23.25,260.61538461538464,99.28578860442258
replicate_7,pos5,16,24.75,254.3268588137009,92.99726280273885
replicate_7,pos5,17,26.25,236.546875,75.21727898903794
replicate_7,pos5,18,27.75,250.1,88.77040398903793
replicate_7,pos5,19,29.25,241.78571428571428,80.45611827475221
replicate_7,pos5,20,30.75,231.53703703703704,70.20744102607497
replicate_7,pos5,21,32.25,222.3028846153846,60.97328860442255
replicate_7,pos5,22,33.75,209.603488372093,48.27389236113096
replicate_7,pos5,23,35.25,210.35897435897436,49.0293783480123
replicate_7,pos5,24,36.75,198.8425925925926,37.51299658163053
replicate_7,pos5,25,38.25,196.46626984126985,35.136673830307785
replicate_7,pos5,26,39.75,187.79362745098035,26.464031440018303
replicate_7,pos5,27,41.25,187.25,25.920403989037936
replicate_7,pos5,28,42.75,183.61536069651743,22.285764685555364
replicate_7,pos5,29,44.25,181.88571428571427,20.556118274752208
replicate_7,pos5,30,45.75,178.57692307692307,17.247327065961002
replicate_7,pos5,31,47.25,179.4927536231884,18.163157612226343
replicate_7,pos5,32,48.75,182.61664591116647,21.287049900204394
replicate_7,pos5,33,50.25,175.95190578928444,14.622309778322375
replicate_7,pos5,34,51.75,177.94118629908104,16.611590288118975
replicate_7,pos6,0,0.75,260.90425531914894,99.57465930818688
replicate_7,pos6,1,2.25,306.6264637002342,145.29686768927212
replicate_7,pos6,2,3.75,340.6363636363636,179.30676762540156
replicate_7,pos6,3,5.25,376.53928299008385,215.2096869791218
replicate_7,pos6,4,6.75,413.42647058823525,252.0968745772732
replicate_7,pos6,5,8.25,461.5052157420579,300.1756197310958
replicate_7,pos6,6,9.75,486.57414215686276,325.2445461459007
replicate_7,pos6,7,11.25,483.40232919254663,322.07273318158457
replicate_7,pos6,8,12.75,499.3235294117647,337.99393340080263
replicate_7,pos6,9,14.25,542.9491525423729,381.6195565314108
replicate_7,pos6,10,15.75,511.9310344827586,350.60143847179654
replicate_7,pos6,11,17.25,519.8136363636363,358.4840403526743
replicate_7,pos6,12,18.75,480.0625,318.73290398903794
replicate_7,pos6,13,20.25,441.2830188679245,279.95342285696245
replicate_7,pos6,14,21.75,428.2307692307692,266.90117321980716
replicate_7,pos6,15,23.25,433.10960187353635,271.7800058625743
replicate_7,pos6,16,24.75,429.8378378378378,268.50824182687575
replicate_7,pos6,17,26.25,408.2471264367816,246.91753042581954
replicate_7,pos6,18,27.75,389.1162790697674,227.78668305880535
replicate_7,pos6,19,29.25,374.3829787234043,213.05338271244221
replicate_7,pos6,20,30.75,326.57253012048193,165.24293410951987
replicate_7,pos6,21,32.25,301.9493670886076,140.6197710776455
replicate_7,pos6,22,33.75,280.8,119.47040398903795
replicate_7,pos6,23,35.25,264.32782226814777,102.9982262571857
replicate_7,pos6,24,36.75,260.76503871351997,99.43544270255788
replicate_7,pos6,25,38.25,240.39743589743588,79.06783988647382
replicate_7,pos6,26,39.75,226.071390037763,64.74179402680093
replicate_7,pos6,27,41.25,217.90243902439025,56.572843013428184
replicate_7,pos6,28,42.75,213.33147699757868,52.00188098661661
replicate_7,pos6,29,44.25,211.96895032051282,50.639354309550754
replicate_7,pos6,30,45.75,203.36144278606963,42.03184677510758
replicate_7,pos6,31,47.25,192.71428571428572,31.38468970332366
replicate_7,pos6,32,48.75,191.0,29.670403989037936
replicate_7,pos6,33,50.25,189.7463768115942,28.416780800632125
replicate_7,pos7,0,0.75,270.0833333333333,108.75373732237125
replicate_7,pos7,1,2.25,303.02272727272725,141.6931312617652
replicate_7,pos7,2,3.75,301.0975609756098,139.76796496464772
replicate_7,pos7,3,5.25,340.6595744680851,179.32997845712305
replicate_7,pos7,4,6.75,341.2925033467202,179.96290733575816
replicate_7,pos7,5,8.25,338.625,177.29540398903794
replicate_7,pos7,6,9.75,339.8813559322034,178.55175992124134
replicate_7,pos7,7,11.25,329.6996265172736,168.3700305063115
replicate_7,pos7,8,12.75,292.39562937062936,131.0660333596673
replicate_7,pos7,9,14.25,294.349376114082,133.01978010311993
replicate_7,pos7,10,15.75,255.7391304347826,94.40953442382053
replicate_7,pos7,11,17.25,258.83870967741933,97.50911366645727
replicate_7,pos7,12,18.75,252.74074074074073,91.41114472977867
replicate_7,pos7,13,20.25,243.0146113383986,81.68501532743653
replicate_7,pos7,14,21.75,248.19886363636363,86.86926762540158
replicate_7,pos7,15,23.25,261.59722222222223,100.26762621126016
replicate_7,pos7,16,24.75,257.36,96.03040398903795
replicate_7,pos7,17,26.25,244.0754716981132,82.74587568715114
replicate_7,pos7,18,27.75,230.71904761904761,69.38945160808554
replicate_7,pos7,19,29.25,221.19642857142856,59.86683256046649
replicate_7,pos7,20,30.75,210.7,49.370403989037925
replicate_7,pos7,21,32.25,203.1052631578947,41.77566714693265
replicate_7,pos7,22,33.75,202.3448275862069,41.015231575244826
replicate_7,pos7,23,35.25,205.27586206896552,43.94626605800346
replicate_7,pos7,24,36.75,203.81736166800323,42.48776565704115
replicate_7,pos7,25,38.25,191.1494252873563,29.819829276394245
replicate_7,pos7,26,39.75,196.36363636363637,35.03404035267431
replicate_7,pos7,27,41.25,194.68333333333337,33.3537373223713
replicate_7,pos7,28,42.75,193.8961038961039,32.566507885141846
replicate_7,pos7,29,44.25,192.65217391304347,31.322577902081406
replicate_7,pos7,30,45.75,188.32061317677756,26.991017165815506
replicate_7,pos7,31,47.25,185.94202898550725,24.612432974545186
replicate_7,pos7,32,48.75,185.82565789473682,24.49606188377477
replicate_7,pos7,33,50.25,185.3890909090909,24.059494898128847
replicate_7,pos7,34,51.75,180.4431818181818,19.11358580721975
